Age,Gender,Education Level,Job Title,Years of Experience,Salary,Country,Race,Senior
28,Female,Master's Degree,Data Analyst,3,65000,USA,Hispanic,0
36,Female,Bachelor's Degree,Sales Associate,7,60000,USA,Hispanic,0
52,Male,Master's Degree,Director,20,200000,USA,Asian,0
29,Male,Bachelor's Degree,Marketing Analyst,2,55000,USA,Hispanic,0
42,Female,Master's Degree,Product Manager,12,120000,USA,Asian,0
40,Female,Master's Degree,Project Manager,14,130000,USA,African American,0
33,Female,Master's Degree,Marketing Manager,7,90000,USA,Asian,0
41,Male,Master's Degree,Financial Manager,13,140000,USA,African American,0
29,Male,Master's Degree,Data Scientist,3,75000,USA,Hispanic,0
46,Male,PhD,Manager,20,170000,USA,Hispanic,1
28,Female,Bachelor's Degree,Copywriter,2,40000,USA,White,0
25,Male,Bachelor's Degree,Help Desk Analyst,0,35000,USA,Asian,0
43,Male,PhD,Engineer,17,140000,USA,Hispanic,1
51,Female,Master's Degree,Director of Operations,23,170000,USA,African American,0
33,Male,Bachelor's Degree,Web Developer,6,65000,USA,Hispanic,0
39,Female,Bachelor's Degree,Recruiter,11,70000,USA,Asian,0
37,Male,Bachelor's Degree,Project Manager,10,95000,USA,Asian,0
50,Female,Bachelor's Degree,Operations Manager,22,160000,USA,White,0
32,Male,Master's Degree,Software Engineer,6,100000,USA,African American,1
41,Female,Master's Degree,Data Analyst,13,80000,USA,White,0
40,Female,Bachelor's Degree,HR Generalist,15,80000,USA,Hispanic,0
39,Female,Bachelor's Degree,Training Specialist,12,65000,USA,African American,0
44,Male,PhD,Chief Data Officer,16,220000,USA,African American,0
36,Male,Bachelor's Degree,IT Support Specialist,7,60000,USA,Asian,0
41,Female,Master's Degree,Marketing Analyst,14,100000,USA,White,1
28,Male,Bachelor's Degree,Customer Success Manager,2,40000,USA,Hispanic,0
42,Female,Master's Degree,Graphic Designer,15,110000,USA,Asian,1
32,Male,Master's Degree,Business Analyst,6,90000,USA,Asian,1
23,Female,Bachelor's Degree,Marketing Analyst,0,35000,USA,White,0
40,Female,Bachelor's Degree,Office Manager,15,65000,USA,White,0
48,Male,PhD,Principal Engineer,20,170000,USA,Hispanic,0
37,Female,Master's Degree,HR Generalist,9,95000,USA,African American,1
32,Female,Bachelor's Degree,Marketing Coordinator,4,50000,USA,White,0
47,Male,PhD,Research Scientist,22,160000,USA,Hispanic,1
28,Male,Bachelor's Degree,Business Analyst,2,40000,USA,White,0
33,Male,Bachelor's Degree,Software Developer,5,50000,USA,Hispanic,0
38,Female,Bachelor's Degree,Accountant,10,80000,USA,African American,1
26,Male,Bachelor's Degree,Customer Support Specialist,2,35000,USA,Asian,0
44,Male,Bachelor's Degree,IT Support Specialist,14,110000,USA,African American,1
32,Female,Bachelor's Degree,Financial Analyst,5,50000,USA,Asian,0
39,Female,Bachelor's Degree,Sales Representative,12,90000,USA,Asian,1
48,Male,Master's Degree,Director of Product Management,21,175000,USA,Asian,0
46,Male,Master's Degree,Director of Operations,20,170000,USA,Asian,0
44,Female,PhD,UX Designer,15,145000,USA,Hispanic,1
27,Male,Bachelor's Degree,Product Manager,2,40000,USA,Hispanic,0
36,Female,Bachelor's Degree,Marketing Specialist,8,85000,USA,African American,1
39,Female,Bachelor's Degree,Account Executive,12,95000,USA,African American,1
28,Male,Bachelor's Degree,Business Analyst,2,40000,USA,African American,0
44,Male,Bachelor's Degree,Sales Manager,16,130000,USA,Asian,1
27,Female,Master's Degree,UX Designer,1,45000,USA,Hispanic,0
28,Male,Bachelor's Degree,Business Development Associate,2,40000,USA,Asian,0
35,Female,Bachelor's Degree,Marketing Analyst,8,85000,USA,White,1
48,Male,Master's Degree,Director of Marketing,19,170000,USA,Hispanic,0
33,Male,Bachelor's Degree,Product Development Manager,7,100000,USA,Hispanic,1
51,Female,Master's Degree,Director of Human Resources,21,190000,USA,Hispanic,0
34,Female,Bachelor's Degree,Marketing Analyst,6,70000,USA,Asian,0
36,Male,Bachelor's Degree,Operations Manager,8,95000,USA,White,1
41,Female,Bachelor's Degree,Project Coordinator,11,95000,USA,African American,1
30,Female,Bachelor's Degree,Marketing Coordinator,2,40000,USA,White,0
28,Male,Bachelor's Degree,Business Development Associate,2,40000,USA,Asian,0
29,Male,Bachelor's Degree,Business Operations Analyst,1,350,USA,Hispanic,0
37,Female,Bachelor's Degree,Financial Manager,10,120000,USA,African American,1
29,Female,Bachelor's Degree,Sales Representative,1,40000,USA,African American,0
31,Male,Bachelor's Degree,Operations Analyst,3,50000,USA,Hispanic,0
49,Male,PhD,Director of Operations,21,180000,USA,Asian,0
35,Male,Bachelor's Degree,Business Development Manager,7,90000,USA,Hispanic,1
48,Female,Master's Degree,Director of HR,20,180000,USA,Hispanic,0
32,Male,Bachelor's Degree,Financial Advisor,4,65000,USA,Hispanic,0
43,Female,PhD,Data Scientist,15,150000,USA,African American,1
36,Male,Bachelor's Degree,Business Development Manager,8,110000,USA,Asian,1
40,Male,Bachelor's Degree,Financial Analyst,12,130000,USA,White,1
29,Female,Bachelor's Degree,Project Manager,2,40000,USA,Asian,0
32,Male,Bachelor's Degree,Product Manager,7,170000,USA,Asian,0
30,Female,Bachelor's Degree,Data Analyst,5,145000,USA,African American,0
27,Male,PhD,Data Scientist,2,115000,USA,African American,0
29,Female,Bachelor's Degree,Software Engineer,4,140000,USA,Hispanic,0
26,Female,Master's Degree,Product Manager,2,120000,USA,White,0
27,Male,Bachelor's Degree,Data Analyst,2,110000,USA,African American,0
29,Male,Bachelor's Degree,Software Engineer,4,140000,USA,Hispanic,0
26,Female,Master's Degree,Product Manager,2,120000,USA,White,0
32,Male,Bachelor's Degree,Product Manager,7,170000,USA,African American,0
33,Male,PhD,Data Scientist,8,190000,USA,Asian,0
30,Female,PhD,Data Scientist,5,180000,USA,African American,0
33,Male,PhD,Data Scientist,8,190000,USA,Asian,0
28,Male,Master's Degree,Product Manager,3,130000,USA,Hispanic,0
30,Female,Bachelor's Degree,Data Analyst,5,145000,USA,White,0
29,Female,Bachelor's Degree,Software Engineer,4,140000,USA,African American,0
28,Male,Master's Degree,Product Manager,3,130000,USA,Asian,0
29,Female,Bachelor's Degree,Software Engineer,4,140000,USA,Hispanic,0
31,Female,Bachelor's Degree,Software Engineer,6,155000,USA,Hispanic,0
30,Female,PhD,Data Scientist,5,180000,USA,Asian,0
29,Male,Bachelor's Degree,Software Engineer,4,140000,USA,Hispanic,0
31,Female,Bachelor's Degree,Software Engineer,6,155000,USA,Asian,0
30,Female,Bachelor's Degree,Data Analyst,5,145000,USA,White,0
29,Female,Bachelor's Degree,Software Engineer,4,140000,USA,White,0
31,Female,Bachelor's Degree,Software Engineer,6,155000,USA,White,0
30,Female,Bachelor's Degree,Data Analyst,5,145000,USA,Hispanic,0
33,Female,Master's Degree,Product Manager,11,198000,USA,African American,0
25,Male,Bachelor's Degree,Data Analyst,2,110000,USA,Hispanic,0
28,Male,Bachelor's Degree,Software Engineer,5,160000,USA,African American,0
29,Female,Master's Degree,Data Scientist,6,180000,USA,White,0
30,Male,PhD,Data Scientist,7,185000,USA,African American,0
29,Female,Master's Degree,Data Scientist,6,180000,USA,White,0
30,Male,Bachelor's Degree,Data Analyst,5,160000,USA,African American,0
33,Female,Master's Degree,Product Manager,11,198000,USA,White,0
24,Male,Bachelor's Degree,Data Analyst,1,90000,USA,African American,0
30,Female,PhD,Data Scientist,7,185000,USA,Asian,0
30,Female,PhD,Data Scientist,7,185000,USA,Asian,0
29,Female,Master's Degree,Data Scientist,6,180000,USA,Hispanic,0
27,Male,Bachelor's Degree,Software Engineer,4,140000,USA,Hispanic,0
25,Female,Bachelor's Degree,Data Analyst,2,110000,USA,African American,0
25,Female,Bachelor's Degree,Data Analyst,2,110000,USA,Hispanic,0
30,Female,PhD,Data Scientist,7,185000,USA,Hispanic,0
27,Male,Bachelor's Degree,Software Engineer,4,140000,USA,White,0
28,Male,Bachelor's Degree,Software Engineer,5,160000,USA,African American,0
29,Male,Bachelor's Degree,Software Engineer,6,170000,USA,Hispanic,0
34,Female,Master's Degree,Product Manager,12,196000,USA,Asian,0
27,Female,Bachelor's Degree,Product Manager,4,150000,USA,African American,0
27,Female,Bachelor's Degree,Product Manager,4,150000,USA,Asian,0
33,Female,Master's Degree,Product Manager,11,198000,USA,African American,0
31,Male,Bachelor's Degree,Data Analyst,9,195000,USA,Hispanic,0
30,Female,PhD,Data Scientist,7,185000,USA,White,0
32,Male,Bachelor's Degree,Software Engineer,8,190000,USA,African American,0
33,Female,Master's Degree,Product Manager,11,198000,USA,Hispanic,0
27,Male,Bachelor's Degree,Software Engineer,4,140000,USA,Asian,0
23,Male,Bachelor's Degree,Data Analyst,1,90000,USA,White,0
31,Male,Master's Degree,Data Scientist,7,180000,USA,Hispanic,0
27,Male,Bachelor's Degree,Software Engineer,4,140000,USA,Asian,0
30,Female,PhD,Data Scientist,7,185000,USA,African American,0
27,Male,Bachelor's Degree,Software Engineer,4,140000,USA,African American,0
25,Male,Bachelor's Degree,Data Analyst,2,115000,USA,Asian,0
27,Female,Bachelor's Degree,Product Manager,4,150000,USA,Asian,0
31,Male,Bachelor's Degree,Data Analyst,9,195000,USA,Asian,0
29,Female,Master's Degree,Data Scientist,6,180000,USA,Hispanic,0
31,Female,PhD,Data Scientist,9,195000,USA,Hispanic,0
26,Male,Bachelor's Degree,Data Analyst,3,130000,USA,Asian,0
32,Male,Bachelor's Degree,Software Engineer,8,190000,USA,Hispanic,0
33,Female,Master's Degree,Product Manager,11,198000,USA,Hispanic,0
27,Male,Bachelor's Degree,Software Engineer,4,140000,USA,White,0
34,Female,Master's Degree,Product Manager,12,196000,USA,Asian,0
33,Female,Master's Degree,Product Manager,11,198000,USA,Asian,0
26,Male,Bachelor's Degree,Data Analyst,3,130000,USA,Asian,0
32,Male,Bachelor's Degree,Software Engineer,8,190000,USA,Asian,0
33,Female,Master's Degree,Product Manager,11,198000,USA,White,0
31,Male,Bachelor's Degree,Data Analyst,9,195000,USA,White,0
28,Female,Bachelor's Degree,Software Engineer,5,160000,USA,White,0
33,Female,Master's Degree,Product Manager,11,198000,USA,White,0
25,Female,Bachelor's Degree,Data Analyst,2,110000,USA,Asian,0
31,Male,Bachelor's Degree,Data Analyst,9,195000,USA,Hispanic,0
28,Female,Bachelor's Degree,Software Engineer,5,160000,USA,African American,0
29,Female,Master's Degree,Data Scientist,6,180000,USA,African American,0
26,Male,Bachelor's Degree,Data Analyst,3,130000,USA,White,0
29,Female,Master's Degree,Data Scientist,6,180000,USA,African American,0
25,Female,Bachelor's Degree,Data Analyst,2,110000,USA,Asian,0
33,Female,Master's Degree,Product Manager,11,198000,USA,Asian,0
25,Female,Bachelor's Degree,Data Analyst,2,110000,USA,African American,0
31,Male,Bachelor's Degree,Data Analyst,9,195000,USA,Hispanic,0
26,Male,Bachelor's Degree,Data Analyst,3,130000,USA,African American,0
31,Male,Bachelor's Degree,Data Analyst,9,195000,USA,White,0
33,Male,Master's Degree,Product Manager,11,198000,USA,African American,0
25,Male,Bachelor's Degree,Data Analyst,2,115000,USA,White,0
26,Male,Bachelor's Degree,Data Analyst,3,130000,USA,Asian,0
33,Female,Master's Degree,Product Manager,11,198000,USA,Hispanic,0
25,Male,Bachelor's Degree,Data Analyst,2,110000,USA,Hispanic,0
27,Male,Bachelor's Degree,Software Engineer,4,140000,USA,African American,0
25,Female,Bachelor's Degree,Data Analyst,2,110000,USA,Asian,0
28,Female,Bachelor's Degree,Software Engineer,5,160000,USA,Asian,0
24,Male,Bachelor's Degree,Data Analyst,1,90000,USA,Hispanic,0
33,Female,Master's Degree,Product Manager,11,198000,USA,African American,0
27,Male,Bachelor's Degree,Software Engineer,4,140000,USA,Hispanic,0
29,Female,Master's Degree,Data Scientist,6,180000,USA,White,0
28,Female,Bachelor's Degree,Software Engineer,5,160000,USA,White,0
32,Male,Bachelor's Degree,Software Engineer,8,190000,USA,White,0
31,Male,Bachelor's Degree,Data Analyst,9,195000,USA,White,0
33,Female,Master's Degree,Product Manager,11,198000,USA,Hispanic,0
31,Male,Bachelor's Degree,Data Analyst,9,195000,USA,African American,0
28,Female,Bachelor's Degree,Software Engineer,5,160000,USA,Asian,0
32,Male,Bachelor's Degree,Software Engineer,8,190000,USA,Hispanic,0
29,Female,Master's Degree,Data Scientist,6,180000,USA,Hispanic,0
30,Female,PhD,Data Scientist,7,185000,USA,Asian,0
29,Female,Master's Degree,Data Scientist,6,180000,USA,White,0
32,Male,Bachelor's Degree,Software Engineer,8,190000,USA,White,0
27,Male,Bachelor's Degree,Software Engineer,4,140000,USA,Hispanic,0
30,Female,PhD,Data Scientist,7,185000,USA,White,0
32,Male,Bachelor's Degree,Data Analyst,5,135000,USA,Hispanic,0
35,Female,Bachelor's Degree,Product Manager,8,165000,USA,Asian,0
43,Male,Master's Degree,Data Scientist,15,198000,USA,White,0
29,Female,Bachelor's Degree,Software Engineer,4,150000,USA,Hispanic,0
42,Female,Bachelor's Degree,Software Engineer,13,197000,USA,White,0
33,Male,Bachelor's Degree,Data Analyst,7,142000,USA,White,0
29,Female,Master's Degree,Data Analyst,6,150000,USA,Asian,0
30,Female,PhD,Data Scientist,7,170000,USA,Asian,0
33,Male,Master's Degree,Product Manager,11,195000,USA,White,0
25,Male,Bachelor's Degree,Data Analyst,2,100000,USA,Asian,0
29,Female,Master's Degree,Data Scientist,6,150000,USA,White,0
24,Male,Bachelor's Degree,Data Analyst,2,95000,USA,African American,0
26,Male,Bachelor's Degree,Data Analyst,3,120000,USA,White,0
32,Male,Bachelor's Degree,Software Engineer,8,180000,USA,White,0
27,Male,Bachelor's Degree,Software Engineer,4,160000,USA,White,0
34,Female,Master's Degree,Product Manager,12,190000,USA,White,0
33,Female,Master's Degree,Product Manager,11,195000,USA,White,0
25,Female,Bachelor's Degree,Data Analyst,2,100000,USA,White,0
25,Female,Bachelor's Degree,Data Analyst,2,100000,USA,African American,0
25,Female,Bachelor's Degree,Data Analyst,2,100000,USA,White,0
31,Male,Bachelor's Degree,Data Analyst,9,190000,USA,Hispanic,0
29,Female,Master's Degree,Data Scientist,6,150000,USA,White,0
32,Male,Bachelor's Degree,Software Engineer,8,180000,USA,Asian,0
31,Male,Bachelor's Degree,Data Analyst,9,190000,USA,White,0
27,Male,Bachelor's Degree,Software Engineer,4,160000,USA,Asian,0
31,Male,Bachelor's Degree,Data Analyst,9,190000,USA,Asian,0
28,Female,Bachelor's Degree,Software Engineer,5,150000,USA,Hispanic,0
32,Male,Bachelor's Degree,Software Engineer,8,180000,USA,Asian,0
24,Male,Bachelor's Degree,Data Analyst,2,95000,USA,White,0
32,Male,Bachelor's Degree,Software Engineer,8,180000,USA,Hispanic,0
33,Female,Master's Degree,Product Manager,11,195000,USA,African American,0
30,Female,PhD,Data Scientist,7,170000,USA,African American,0
27,Male,Bachelor's Degree,Software Engineer,4,160000,USA,Asian,0
26,Female,Bachelor's Degree,Data Analyst,3,100000,USA,Asian,0
28,Female,Master's Degree,Data Scientist,6,150000,USA,Asian,0
37,Male,PhD,Product Manager,14,195000,USA,Hispanic,0
32,Male,Bachelor's Degree,Software Engineer,10,190000,USA,Hispanic,0
30,Male,Bachelor's Degree,Product Manager,8,185000,USA,Hispanic,0
27,Female,Bachelor's Degree,Data Analyst,5,125000,USA,Asian,0
30,Female,Bachelor's Degree,Software Engineer,8,180000,USA,Hispanic,0
29,Female,Bachelor's Degree,Data Analyst,7,130000,USA,Asian,0
25,Female,Bachelor's Degree,Data Analyst,2,90000,USA,Asian,0
26,Female,Bachelor's Degree,Data Analyst,3,100000,USA,White,0
32,Female,Bachelor's Degree,Data Scientist,9,185000,USA,Hispanic,0
27,Male,Bachelor's Degree,Software Engineer,5,150000,USA,Asian,0
34,Male,Bachelor's Degree,Software Engineer,12,195000,USA,African American,0
31,Male,Bachelor's Degree,Software Engineer,9,180000,USA,Asian,0
33,Male,Master's Degree,Data Scientist,10,195000,USA,Asian,0
28,Male,Bachelor's Degree,Software Engineer,4,160000,USA,Hispanic,0
27,Female,Bachelor's Degree,Data Analyst,5,125000,USA,Hispanic,0
35,Female,Bachelor's Degree,Product Manager,12,190000,USA,Asian,0
37,Male,PhD,Product Manager,14,195000,USA,African American,0
28,Male,Bachelor's Degree,Software Engineer,7,175000,USA,Asian,1
30,Female,Bachelor's Degree,Front end Developer,2,75000,USA,Asian,0
27,Male,Bachelor's Degree,Project Engineer,4,115000,USA,White,1
47,Male,PhD,Software Engineer Manager,15,180000,USA,Asian,0
55,Male,PhD,Software Engineer Manager,17,190000,USA,African American,0
24,Male,Bachelor's Degree,Front end Developer,1,60000,USA,Asian,0
43,Female,PhD,Project Engineer,13,180000,USA,African American,1
27,Female,Master's Degree,Full Stack Engineer,3,95000,USA,African American,0
41,Male,PhD,Software Engineer Manager,12,175000,USA,Hispanic,0
61,Male,PhD,Software Engineer Manager,20,200000,USA,Hispanic,0
34,Male,Master's Degree,Full Stack Engineer,6,125000,USA,Hispanic,0
27,Female,Master's Degree,Full Stack Engineer,3,100000,USA,Asian,0
30,Female,Master's Degree,Back end Developer,6,130000,USA,Asian,0
49,Male,PhD,Software Engineer Manager,15,185000,USA,White,0
32,Female,Master's Degree,Full Stack Engineer,5,120000,USA,White,0
50,Female,PhD,Software Engineer Manager,16,190000,USA,Asian,0
44,Male,Master's Degree,Project Engineer,11,170000,USA,Asian,1
23,Female,Bachelor's Degree,Front end Developer,1,55000,USA,African American,0
43,Male,PhD,Software Engineer Manager,13,180000,USA,African American,0
30,Male,Bachelor's Degree,Back end Developer,4,95000,USA,White,0
28,Female,Master's Degree,Back end Developer,3,90000,USA,White,0
43,Male,PhD,Software Engineer,12,170000,USA,Asian,1
42,Male,PhD,Software Engineer,14,170000,USA,African American,1
27,Female,Master's Degree,Back end Developer,2,70000,USA,Hispanic,0
27,Male,Bachelor's Degree,Front end Developer,2,70000,USA,African American,0
42,Male,PhD,Software Engineer,14,170000,USA,Asian,1
24,Male,Bachelor's Degree,Front end Developer,1,60000,USA,Asian,0
28,Male,Bachelor's Degree,Front end Developer,2,70000,USA,White,0
54,Male,PhD,Software Engineer Manager,16,190000,USA,Hispanic,0
30,Male,Bachelor's Degree,Back end Developer,4,95000,USA,African American,0
27,Female,Master's Degree,Full Stack Engineer,3,100000,USA,Hispanic,0
54,Male,PhD,Software Engineer Manager,18,195000,USA,White,0
31,Male,Master's Degree,Project Engineer,6,125000,USA,Hispanic,1
24,Female,Bachelor's Degree,Back end Developer,1,60000,USA,Hispanic,0
24,Female,Bachelor's Degree,Front end Developer,1,55000,USA,White,0
37,Male,Master's Degree,Software Engineer,9,145000,USA,African American,1
37,Male,Master's Degree,Software Engineer,10,155000,USA,White,1
36,Male,Master's Degree,Full Stack Engineer,8,140000,USA,Hispanic,0
29,Male,Bachelor's Degree,Front end Developer,3,80000,USA,Asian,0
28,Female,Master's Degree,Back end Developer,3,90000,USA,Hispanic,0
54,Male,PhD,Software Engineer Manager,16,190000,USA,Asian,0
45,Male,PhD,Project Engineer,14,185000,USA,Hispanic,1
51,Male,PhD,Software Engineer Manager,16,190000,USA,Hispanic,0
44,Female,Master's Degree,Project Engineer,12,170000,USA,White,1
54,Male,PhD,Software Engineer Manager,17,195000,USA,African American,0
49,Male,PhD,Software Engineer Manager,15,185000,USA,Asian,0
31,Male,Master's Degree,Full Stack Engineer,7,140000,USA,Asian,0
25,Male,Bachelor's Degree,Front end Developer,1,55000,USA,White,0
33,Male,Master's Degree,Full Stack Engineer,6,130000,USA,African American,0
42,Male,PhD,Software Engineer,14,170000,USA,Asian,1
24,Male,Bachelor's Degree,Front end Developer,1,60000,USA,Hispanic,0
49,Male,PhD,Software Engineer Manager,15,185000,USA,African American,0
38,Male,Master's Degree,Software Engineer,10,155000,USA,Asian,1
27,Male,Bachelor's Degree,Front end Developer,2,70000,USA,African American,0
32,Male,Master's Degree,Back end Developer,6,130000,USA,Asian,0
54,Male,PhD,Software Engineer Manager,17,195000,USA,Asian,0
27,Female,Master's Degree,Back end Developer,2,70000,USA,Asian,0
31,Male,Master's Degree,Project Engineer,6,125000,USA,Asian,1
32,Male,Master's Degree,Full Stack Engineer,7,135000,USA,White,0
23,Male,Bachelor's Degree,Front end Developer,1,55000,USA,African American,0
38,Male,Master's Degree,Software Engineer,10,155000,USA,Hispanic,1
27,Male,Bachelor's Degree,Front end Developer,2,70000,USA,African American,0
32,Male,Master's Degree,Back end Developer,6,130000,USA,White,0
27,Female,Master's Degree,Full Stack Engineer,3,100000,USA,White,0
40,Female,PhD,Software Engineer,12,160000,USA,White,1
27,Male,Bachelor's Degree,Front end Developer,3,80000,USA,White,0
28,Female,Bachelor's Degree,Front end Developer,3,80000,USA,African American,0
31,Male,Master's Degree,Full Stack Engineer,7,140000,USA,Asian,0
49,Male,PhD,Software Engineer Manager,15,185000,USA,African American,0
28,Male,Bachelor's Degree,Front end Developer,2,70000,USA,African American,0
48,Male,PhD,Project Engineer,16,190000,USA,White,1
43,Male,PhD,Project Engineer,13,185000,USA,Hispanic,1
28,Male,Bachelor's Degree,Front end Developer,2,70000,USA,Hispanic,0
31,Male,Master's Degree,Project Engineer,6,125000,USA,Asian,1
27,Female,Master's Degree,Back end Developer,2,70000,USA,African American,0
31,Male,Master's Degree,Project Engineer,7,135000,USA,African American,1
43,Male,PhD,Project Engineer,13,185000,USA,White,1
48,Male,PhD,Project Engineer,16,190000,USA,White,1
40,Male,PhD,Software Engineer,12,160000,USA,Hispanic,1
27,Male,Bachelor's Degree,Front end Developer,3,80000,USA,African American,0
24,Male,Bachelor's Degree,Back end Developer,1,55000,USA,Hispanic,0
44,Male,Master's Degree,Project Engineer,11,170000,USA,African American,1
56,Male,PhD,Software Engineer Manager,17,195000,USA,White,0
54,Male,PhD,Software Engineer Manager,17,195000,USA,African American,0
29,Female,Master's Degree,Back end Developer,3,90000,USA,Asian,0
40,Female,PhD,Software Engineer,12,160000,USA,White,1
47,Male,PhD,Project Engineer,16,190000,USA,African American,1
30,Male,Master's Degree,Full Stack Engineer,5,105000,USA,White,0
32,Male,Bachelor's Degree,Front end Developer,6,110000,USA,Hispanic,0
43,Male,PhD,Project Engineer,13,185000,USA,African American,1
40,Female,PhD,Software Engineer,12,160000,USA,Hispanic,1
33,Male,Bachelor's Degree,Front end Developer,6,110000,USA,African American,0
47,Male,PhD,Project Engineer,16,190000,USA,Hispanic,1
30,Male,Master's Degree,Full Stack Engineer,5,105000,USA,African American,0
25,Female,Bachelor's Degree,Front end Developer,1,55000,USA,White,0
26,Female,Master's Degree,Front end Developer,1,55000,USA,Asian,0
32,Male,Bachelor's Degree,Front end Developer,6,110000,USA,White,0
33,Male,Bachelor's Degree,Front end Developer,6,110000,USA,Asian,0
55,Male,PhD,Software Engineer Manager,18,210000,USA,Hispanic,0
47,Male,PhD,Project Engineer,16,190000,USA,African American,1
32,Male,Bachelor's Degree,Front end Developer,6,110000,USA,Asian,0
55,Male,PhD,Software Engineer Manager,18,210000,USA,White,0
47,Male,PhD,Project Engineer,16,190000,USA,African American,1
50,Male,PhD,Software Engineer Manager,17,195000,USA,White,0
27,Male,Bachelor's Degree,Back end Developer,3,85000,USA,African American,0
46,Male,PhD,Project Engineer,14,180000,USA,African American,1
35,Male,Bachelor's Degree,Back end Developer,8,140000,USA,African American,0
29,Female,Master's Degree,Back end Developer,3,90000,USA,Hispanic,0
41,Male,PhD,Project Engineer,13,185000,USA,Asian,1
36,Male,Master's Degree,Back end Developer,8,140000,USA,African American,0
29,Male,Bachelor's Degree,Back end Developer,4,95000,USA,Asian,0
28,Female,Bachelor's Degree,Front end Developer,2,65000,USA,African American,0
39,Female,Master's Degree,Software Engineer Manager,12,160000,USA,African American,0
30,Male,Bachelor's Degree,Back end Developer,5,100000,USA,African American,0
46,Male,PhD,Project Engineer,15,180000,USA,Hispanic,1
49,Female,PhD,Project Engineer,17,195000,USA,White,1
33,Female,Bachelor's Degree,Full Stack Engineer,6,115000,USA,Hispanic,0
30,Male,Bachelor's Degree,Back end Developer,5,100000,USA,African American,0
46,Male,PhD,Project Engineer,15,180000,USA,Hispanic,1
33,Female,Bachelor's Degree,Full Stack Engineer,6,115000,USA,White,0
45,Male,PhD,Software Engineer Manager,16,185000,USA,Asian,0
45,Male,PhD,Software Engineer Manager,16,185000,USA,African American,0
25,Female,Bachelor's Degree,Front end Developer,1,55000,USA,Asian,0
46,Male,PhD,Project Engineer,15,180000,USA,African American,1
33,Female,Bachelor's Degree,Full Stack Engineer,6,115000,USA,Asian,0
30,Male,Bachelor's Degree,Back end Developer,5,100000,USA,Asian,0
25,Female,Bachelor's Degree,Front end Developer,1,55000,USA,African American,0
49,Female,PhD,Project Engineer,17,195000,USA,African American,1
28,Female,Bachelor's Degree,Front end Developer,2,65000,USA,African American,0
46,Male,PhD,Project Engineer,15,180000,USA,African American,1
42,Male,PhD,Software Engineer Manager,14,190000,USA,White,0
40,Female,Master's Degree,Software Engineer Manager,12,160000,USA,Hispanic,0
30,Male,Bachelor's Degree,Back end Developer,5,100000,USA,White,0
49,Male,PhD,Project Engineer,17,195000,USA,Asian,1
36,Male,Bachelor's Degree,Software Engineer Manager,8,135000,USA,Hispanic,0
33,Female,Bachelor's Degree,Full Stack Engineer,7,130000,USA,Hispanic,0
42,Male,Master's Degree,Software Engineer Manager,13,170000,USA,White,0
29,Female,Bachelor's Degree,Front end Developer,4,90000,USA,White,0
49,Male,PhD,Project Engineer,17,195000,USA,Asian,1
36,Male,Bachelor's Degree,Software Engineer Manager,8,135000,USA,Asian,0
27,Male,Bachelor's Degree,Front end Developer,2,65000,USA,White,0
42,Male,Master's Degree,Software Engineer Manager,13,170000,USA,African American,0
39,Female,Master's Degree,Software Engineer Manager,12,160000,USA,Asian,0
27,Male,Bachelor's Degree,Back end Developer,3,80000,USA,African American,0
32,Female,Master's Degree,Full Stack Engineer,6,115000,USA,African American,0
27,Male,Bachelor's Degree,Front end Developer,2,65000,USA,White,0
34,Male,Master's Degree,Back end Developer,8,140000,USA,Hispanic,0
30,Male,Bachelor's Degree,Back end Developer,5,100000,USA,Hispanic,0
42,Male,Master's Degree,Software Engineer Manager,13,170000,USA,Asian,0
32,Female,Master's Degree,Full Stack Engineer,6,115000,USA,African American,0
43,Female,PhD,Project Engineer,14,190000,USA,African American,1
34,Male,Master's Degree,Back end Developer,8,140000,USA,White,0
33,Female,Bachelor's Degree,Full Stack Engineer,7,130000,USA,Hispanic,0
50,Male,PhD,Project Engineer,19,200000,USA,White,1
46,Male,PhD,Software Engineer Manager,16,185000,USA,White,0
50,Male,PhD,Project Engineer,19,200000,USA,Hispanic,1
49,Male,PhD,Project Engineer,17,195000,USA,African American,1
34,Male,Master's Degree,Back end Developer,8,140000,USA,Asian,0
27,Male,Bachelor's Degree,Back end Developer,3,80000,USA,Hispanic,0
32,Female,Master's Degree,Full Stack Engineer,6,115000,USA,White,0
27,Male,Bachelor's Degree,Front end Developer,2,65000,USA,Hispanic,0
43,Female,PhD,Project Engineer,14,190000,USA,African American,1
45,Male,PhD,Project Engineer,16,185000,USA,White,1
29,Female,Bachelor's Degree,Front end Developer,4,90000,USA,Asian,0
32,Female,Master's Degree,Full Stack Engineer,6,115000,USA,African American,0
43,Female,PhD,Project Engineer,14,190000,USA,Asian,1
42,Male,Master's Degree,Software Engineer Manager,13,170000,USA,White,0
39,Female,Master's Degree,Software Engineer Manager,12,160000,USA,African American,0
27,Male,Bachelor's Degree,Back end Developer,3,80000,USA,Hispanic,0
32,Female,Master's Degree,Full Stack Engineer,6,115000,USA,African American,0
30,Female,Master's Degree,Front end Developer,5,105000,USA,African American,0
30,Male,Bachelor's Degree,Back end Developer,5,100000,USA,Asian,0
29,Female,Bachelor's Degree,Front end Developer,4,90000,USA,White,0
49,Male,PhD,Project Engineer,17,195000,USA,African American,1
33,Female,Bachelor's Degree,Full Stack Engineer,7,130000,USA,Hispanic,0
27,Male,Bachelor's Degree,Back end Developer,3,80000,USA,African American,0
36,Male,Bachelor's Degree,Software Engineer Manager,8,135000,USA,African American,0
27,Male,Bachelor's Degree,Front end Developer,2,65000,USA,African American,0
34,Male,Master's Degree,Back end Developer,8,140000,USA,African American,0
34,Male,Master's Degree,Back end Developer,8,140000,USA,Asian,0
36,Male,Bachelor's Degree,Software Engineer Manager,8,135000,USA,African American,0
43,Female,PhD,Project Engineer,14,190000,USA,African American,1
44,Female,PhD,Project Engineer,16,190000,USA,African American,1
37,Female,Bachelor's Degree,Software Engineer Manager,11,170000,USA,Asian,0
41,Male,Master's Degree,Software Engineer Manager,14,180000,USA,Asian,0
31,Female,Bachelor's Degree,Front end Developer,6,110000,USA,Asian,0
36,Male,Bachelor's Degree,Software Engineer Manager,8,135000,USA,Asian,0
46,Male,PhD,Software Engineer Manager,16,185000,USA,Hispanic,0
33,Female,Bachelor's Degree,Full Stack Engineer,7,130000,USA,Asian,0
30,Male,Bachelor's Degree,Back end Developer,5,100000,USA,Asian,0
29,Female,Bachelor's Degree,Front end Developer,4,90000,USA,Hispanic,0
32,Female,Master's Degree,Full Stack Engineer,6,115000,USA,Asian,0
34,Male,Master's Degree,Back end Developer,8,140000,USA,Hispanic,0
33,Male,Bachelor's Degree,Full Stack Engineer,7,130000,USA,White,0
48,Male,PhD,Software Engineer Manager,19,200000,USA,White,0
34,Male,Master's Degree,Front end Developer,9,150000,USA,Hispanic,0
49,Female,PhD,Project Engineer,19,210000,USA,Hispanic,1
37,Male,Master's Degree,Software Engineer Manager,10,150000,USA,African American,0
32,Female,Master's Degree,Full Stack Engineer,6,115000,USA,Asian,0
36,Male,Bachelor's Degree,Software Engineer Manager,8,135000,USA,Asian,0
49,Male,PhD,Project Engineer,17,195000,USA,Asian,1
46,Male,PhD,Software Engineer Manager,16,185000,USA,Hispanic,0
30,Male,Bachelor's Degree,Back end Developer,5,100000,USA,White,0
42,Male,Master's Degree,Software Engineer Manager,13,170000,USA,African American,0
27,Male,Bachelor's Degree,Front end Developer,2,65000,USA,African American,0
43,Female,PhD,Project Engineer,14,190000,USA,White,1
29,Female,Bachelor's Degree,Software Developer,3,65000,USA,White,0
38,Male,Bachelor's Degree,Data Scientist,10,150000,USA,African American,0
46,Female,PhD,Director of Data Science,20,220000,USA,White,0
35,Female,Master's Degree,Data Analyst,9,120000,USA,Hispanic,0
34,Male,Master's Degree,Data Scientist,9,140000,USA,White,0
23,Female,Bachelor's Degree,Software Engineer,1,50000,USA,Hispanic,0
41,Female,PhD,Director of Data Science,16,200000,USA,Hispanic,0
30,Female,Bachelor's Degree,Software Engineer,5,90000,USA,African American,0
26,Male,Bachelor's Degree,Software Developer,2,60000,USA,White,0
35,Female,Master's Degree,Data Analyst,9,120000,USA,White,0
23,Female,Bachelor's Degree,Software Engineer,1,50000,USA,White,0
41,Female,PhD,Director of Data Science,16,200000,USA,Hispanic,0
42,Male,Master's Degree,Product Manager,14,180000,USA,White,0
37,Male,Bachelor's Degree,Data Analyst,11,160000,USA,African American,0
28,Male,Bachelor's Degree,Software Engineer,4,75000,USA,Hispanic,0
26,Male,Bachelor's Degree,Software Developer,2,60000,USA,Hispanic,0
48,Male,PhD,Director of Data Science,18,210000,USA,White,0
24,Female,Bachelor's Degree,Software Developer,2,55000,USA,White,0
29,Male,Bachelor's Degree,Front End Developer,4,80000,USA,Asian,0
34,Male,Master's Degree,Data Scientist,9,140000,USA,African American,0
24,Female,Bachelor's Degree,Software Developer,2,55000,USA,Hispanic,0
34,Male,Master's Degree,Data Scientist,9,140000,USA,African American,0
30,Female,Bachelor's Degree,Software Engineer,5,90000,USA,Asian,0
27,Female,Bachelor's Degree,Software Engineer,3,70000,USA,White,0
34,Male,Master's Degree,Data Scientist,9,140000,USA,African American,0
52,Male,PhD,Software Engineer Manager,23,161568,USA,White,0
26,Male,Bachelor's Degree,Back end Developer,3,75072,USA,Hispanic,0
35,Female,Master's Degree,Full Stack Engineer,10,152039,USA,Asian,0
34,Male,Master's Degree,Full Stack Engineer,12,160976,USA,African American,0
52,Male,Bachelor's Degree,Back end Developer,25,168287,USA,White,0
24,Female,Bachelor's Degree,Front end Developer,1,51265,USA,Asian,0
24,Male,Master's Degree,Back end Developer,0,55538,USA,Asian,0
44,Male,PhD,Software Engineer Manager,19,172955,USA,African American,0
40,Female,Master's Degree,Software Engineer,16,138032,USA,Hispanic,1
30,Male,Master's Degree,Front end Developer,8,107895,USA,White,0
27,Female,Master's Degree,Back end Developer,4,73938,USA,Asian,0
36,Male,Bachelor's Degree,Project Engineer,14,119224,USA,White,1
48,Male,PhD,Full Stack Engineer,23,181021,USA,White,0
38,Female,Master's Degree,Software Engineer,13,134858,USA,Hispanic,1
29,Female,Master's Degree,Software Engineer,6,132720,USA,African American,1
52,Male,PhD,Software Engineer Manager,23,161568,USA,Hispanic,0
41,Male,Master's Degree,Front end Developer,13,127346,USA,Asian,0
58,Male,Master's Degree,Software Engineer,27,190004,USA,White,1
28,Male,Master's Degree,Front end Developer,5,76742,USA,Asian,0
35,Female,Bachelor's Degree,Back end Developer,10,114776,USA,Asian,0
52,Male,Bachelor's Degree,Back end Developer,25,168287,USA,White,0
32,Male,Master's Degree,Project Engineer,11,128078,USA,Hispanic,1
24,Male,Master's Degree,Back end Developer,0,55538,USA,Hispanic,0
41,Female,PhD,Software Engineer Manager,13,138662,USA,Asian,0
22,Female,Highschool,Back end Developer,0,51832,USA,White,0
31,Female,Master's Degree,Full Stack Engineer,6,101186,USA,Asian,0
39,Male,Master's Degree,Software Engineer Manager,14,142360,USA,African American,0
41,Female,Bachelor's Degree,Project Engineer,20,151315,USA,White,1
32,Male,Bachelor's Degree,Software Engineer Manager,9,104661,USA,Hispanic,0
28,Male,Master's Degree,Full Stack Engineer,4,90452,USA,Hispanic,0
55,Female,PhD,Software Engineer Manager,30,183138,USA,African American,0
23,Female,Highschool,Back end Developer,2,62807,USA,African American,0
33,Female,Bachelor's Degree,Full Stack Engineer,9,133326,USA,Asian,0
50,Female,Master's Degree,Full Stack Engineer,25,192344,USA,White,0
52,Male,Master's Degree,Software Engineer,26,184816,USA,Hispanic,1
42,Female,Master's Degree,Full Stack Engineer,14,163558,USA,Hispanic,0
46,Male,Bachelor's Degree,Project Engineer,24,166828,USA,Asian,1
27,Male,Highschool,Back end Developer,4,79767,USA,African American,0
44,Female,PhD,Software Engineer Manager,18,161621,USA,Hispanic,0
32,Male,Master's Degree,Project Engineer,8,121454,USA,White,1
54,Male,Bachelor's Degree,Full Stack Engineer,25,179987,USA,White,0
48,Female,Master's Degree,Software Engineer,24,184006,USA,White,1
38,Male,Bachelor's Degree,Back end Developer,12,131960,USA,Asian,0
30,Female,Master's Degree,Full Stack Engineer,5,102465,USA,White,0
31,Female,Bachelor's Degree,Software Engineer,7,107718,USA,White,1
28,Female,Bachelor's Degree,Project Engineer,4,70022,USA,White,1
43,Female,Master's Degree,Software Engineer,19,152944,USA,African American,1
35,Male,Bachelor's Degree,Back end Developer,10,123386,USA,Hispanic,0
44,Male,Master's Degree,Full Stack Engineer,21,168906,USA,African American,0
23,Male,Highschool,Front end Developer,1,47898,USA,African American,0
39,Female,Master's Degree,Software Engineer,14,135853,USA,Hispanic,1
43,Male,Bachelor's Degree,Software Engineer,20,154281,USA,White,1
28,Male,Master's Degree,Software Engineer,6,108607,USA,Asian,1
49,Male,Bachelor's Degree,Back end Developer,24,178284,USA,Asian,0
46,Male,Bachelor's Degree,Software Engineer,22,174324,USA,African American,1
32,Female,Master's Degree,Full Stack Engineer,8,123781,USA,Hispanic,0
49,Male,Master's Degree,Full Stack Engineer,22,179045,USA,African American,0
31,Male,Bachelor's Degree,Front end Developer,7,103282,USA,White,0
33,Female,Master's Degree,Full Stack Engineer,11,129686,USA,White,0
54,Male,Bachelor's Degree,Full Stack Engineer,27,183417,USA,White,0
35,Female,Master's Degree,Software Engineer,9,140000,USA,African American,0
25,Male,Bachelor's Degree,Front End Developer,2,50000,USA,White,0
44,Male,PhD,Director of Data Science,18,210000,USA,Hispanic,0
36,Male,Master's Degree,Product Manager,10,160000,USA,African American,0
28,Female,Bachelor's Degree,Software Engineer,4,70000,USA,Hispanic,0
41,Male,PhD,Data Scientist,16,190000,USA,White,1
34,Female,Master's Degree,Data Scientist,9,140000,USA,Asian,0
25,Male,Master's Degree,Software Engineer,2,60000,USA,African American,0
30,Female,Bachelor's Degree,Software Engineer,5,90000,USA,White,0
26,Male,Bachelor's Degree,Software Developer,2,60000,USA,Asian,0
35,Female,Master's Degree,Data Analyst,9,120000,USA,African American,0
34,Male,Master's Degree,Data Scientist,9,140000,USA,Hispanic,0
32,Male,Master's Degree,Product Manager,7,110000,USA,African American,0
24,Female,Bachelor's Degree,Software Developer,2,55000,USA,African American,0
36,Male,PhD,Data Scientist,12,170000,USA,Hispanic,1
25,Female,Master's Degree,Software Engineer,2,60000,USA,Asian,0
34,Male,Master's Degree,Data Analyst,8,100000,USA,Hispanic,0
36,Male,PhD,Data Scientist,12,170000,USA,White,1
26,Male,Bachelor's Degree,Software Developer,2,60000,USA,White,0
48,Male,PhD,Director of Data Science,18,210000,USA,White,0
37,Male,Bachelor's Degree,Data Analyst,11,160000,USA,African American,0
34,Male,Master's Degree,Data Analyst,8,100000,USA,White,0
30,Female,Bachelor's Degree,Software Engineer,5,90000,USA,Hispanic,0
23,Female,Bachelor's Degree,Software Engineer,1,50000,USA,Hispanic,0
25,Female,Master's Degree,Software Engineer,2,60000,USA,Hispanic,0
37,Male,Bachelor's Degree,Data Analyst,11,160000,USA,White,0
30,Female,Bachelor's Degree,Software Engineer,5,90000,USA,African American,0
32,Male,Master's Degree,Product Manager,7,110000,USA,African American,0
37,Male,Bachelor's Degree,Data Analyst,11,160000,USA,Asian,0
28,Male,Bachelor's Degree,Software Engineer,4,75000,USA,African American,0
24,Female,Bachelor's Degree,Software Developer,2,55000,USA,African American,0
36,Male,PhD,Data Scientist,12,170000,USA,African American,1
29,Male,Bachelor's Degree,Front End Developer,4,80000,USA,Hispanic,0
42,Male,Master's Degree,Product Manager,14,180000,USA,Hispanic,0
46,Male,Master's Degree,Software Engineer,20,174938,USA,Hispanic,1
26,Male,Master's Degree,Front end Developer,3,73640,USA,Asian,0
49,Male,Master's Degree,Software Engineer Manager,23,182392,USA,Hispanic,0
43,Male,Bachelor's Degree,Project Engineer,20,142421,USA,White,1
29,Male,Bachelor's Degree,Project Engineer,6,88552,USA,Asian,1
33,Female,Master's Degree,Front end Developer,9,119918,USA,Asian,0
38,Female,PhD,Software Engineer Manager,15,145052,USA,Asian,0
26,Male,Master's Degree,Full Stack Engineer,4,91062,USA,African American,0
32,Male,Master's Degree,Project Engineer,8,122354,USA,African American,1
54,Female,PhD,Software Engineer Manager,32,191510,USA,White,0
28,Female,Bachelor's Degree,Project Engineer,3,70397,USA,Hispanic,1
34,Male,Master's Degree,Software Engineer Manager,9,146075,USA,White,0
32,Male,Bachelor's Degree,Software Engineer,7,106218,USA,White,1
54,Male,Master's Degree,Full Stack Engineer,28,191239,USA,African American,0
36,Male,Master's Degree,Full Stack Engineer,13,146508,USA,Hispanic,0
26,Male,Master's Degree,Full Stack Engineer,3,70216,USA,White,0
30,Female,Master's Degree,Project Engineer,5,101733,USA,White,1
38,Male,Bachelor's Degree,Front end Developer,11,136062,USA,White,0
48,Female,Master's Degree,Software Engineer,23,185038,USA,Hispanic,1
52,Male,PhD,Software Engineer Manager,27,190596,USA,African American,0
31,Female,Bachelor's Degree,Software Engineer,6,104378,USA,Asian,1
24,Male,Bachelor's Degree,Back end Developer,1,55935,USA,Asian,0
45,Male,Master's Degree,Software Engineer,21,180367,USA,White,1
38,Male,Bachelor's Degree,Front end Developer,11,136062,USA,Hispanic,0
54,Female,PhD,Software Engineer Manager,32,191267,USA,White,0
44,Male,Master's Degree,Software Engineer,18,152168,USA,White,1
54,Male,Bachelor's Degree,Project Engineer,28,192292,USA,African American,1
46,Male,Master's Degree,Software Engineer,20,174938,USA,African American,1
33,Female,Bachelor's Degree,Full Stack Engineer,8,124071,USA,Hispanic,0
36,Male,Master's Degree,Full Stack Engineer,11,138859,USA,White,0
49,Male,Master's Degree,Software Engineer Manager,23,182392,USA,Asian,0
35,Female,Master's Degree,Full Stack Engineer,11,151078,USA,Asian,0
31,Male,Bachelor's Degree,Back end Developer,8,100679,USA,White,0
28,Male,Bachelor's Degree,Full Stack Engineer,4,77606,USA,White,0
24,Male,PhD,Software Engineer Manager,1,106686,USA,White,0
45,Female,Master's Degree,Software Engineer,23,174336,USA,Hispanic,1
42,Female,Master's Degree,Full Stack Engineer,14,163978,USA,Hispanic,0
50,Female,Bachelor's Degree,Project Engineer,25,177862,USA,African American,1
54,Male,Bachelor's Degree,Full Stack Engineer,25,179756,USA,African American,0
26,Female,Master's Degree,Front end Developer,3,73218,USA,Hispanic,0
23,Male,PhD,Software Engineer Manager,0,52612,USA,African American,0
24,Male,Bachelor's Degree,Back end Developer,2,64182,USA,Hispanic,0
28,Female,Bachelor's Degree,Project Engineer,3,70397,USA,Asian,1
26,Female,Master's Degree,Front end Developer,2,65840,USA,Asian,0
40,Male,Master's Degree,Software Engineer Manager,17,151670,USA,African American,0
31,Female,Bachelor's Degree,Software Engineer,6,104378,USA,African American,1
34,Male,Master's Degree,Software Engineer Manager,9,146075,USA,Hispanic,0
46,Female,Bachelor's Degree,Back end Developer,18,155795,USA,White,0
48,Female,Master's Degree,Software Engineer,23,185038,USA,White,1
40,Male,Master's Degree,Software Engineer Manager,17,151670,USA,African American,0
52,Male,PhD,Software Engineer Manager,27,190596,USA,African American,0
31,Female,Bachelor's Degree,Software Engineer,6,104378,USA,Asian,1
26,Male,Master's Degree,Full Stack Engineer,3,70216,USA,African American,0
30,Female,Master's Degree,Project Engineer,4,92438,USA,Hispanic,1
34,Male,Bachelor's Degree,Back end Developer,10,126520,USA,African American,0
55,Female,PhD,Software Engineer Manager,29,190543,USA,White,0
43,Female,PhD,Software Engineer Manager,19,156486,USA,African American,0
23,Female,Bachelor's Degree,Project Engineer,0,52831,USA,Asian,1
36,Female,Master's Degree,Software Engineer,13,140010,USA,Asian,1
46,Female,Bachelor's Degree,Back end Developer,19,150729,USA,Asian,0
29,Male,Bachelor's Degree,Project Engineer,6,88552,USA,Hispanic,1
33,Female,Master's Degree,Front end Developer,9,119918,USA,Asian,0
35,Male,Bachelor's Degree,Front end Developer,10,128999,USA,Asian,0
44,Female,PhD,Software Engineer Manager,18,162454,USA,African American,0
30,Female,Master's Degree,Full Stack Engineer,5,102828,USA,Hispanic,0
45,Male,Master's Degree,Software Engineer,22,182506,USA,African American,1
38,Male,Bachelor's Degree,Front end Developer,11,136662,USA,Hispanic,0
29,Female,Bachelor's Degree,Full Stack Engineer,6,91903,USA,Asian,0
38,Male,Master's Degree,Software Engineer,14,147708,USA,White,1
26,Male,Master's Degree,Full Stack Engineer,3,88678,USA,Asian,0
38,Male,Master's Degree,Software Engineer Manager,16,154990,USA,White,0
28,Female,Bachelor's Degree,Back end Developer,5,77766,USA,Hispanic,0
54,Male,PhD,Software Engineer Manager,28,182013,USA,African American,0
45,Female,Master's Degree,Software Engineer Manager,22,183530,USA,Asian,0
28,Male,Bachelor's Degree,Software Developer,1,50000,USA,White,0
33,Female,Master's Degree,Data Analyst,6,90000,USA,African American,0
29,Male,Bachelor's Degree,Front End Developer,3,70000,USA,African American,0
34,Male,Master's Degree,Data Analyst,8,100000,USA,Hispanic,0
36,Male,PhD,Director of Data Science,12,170000,USA,White,0
26,Male,Bachelor's Degree,Software Developer,2,60000,USA,African American,0
34,Male,Master's Degree,Data Analyst,8,100000,USA,African American,0
30,Female,Bachelor's Degree,Software Engineer,5,90000,USA,African American,0
26,Male,Bachelor's Degree,Software Developer,2,60000,USA,Asian,0
30,Female,Bachelor's Degree,Software Engineer,5,90000,USA,Asian,0
35,Female,Master's Degree,Data Analyst,9,120000,USA,Hispanic,0
34,Male,Master's Degree,Data Scientist,9,140000,USA,Asian,0
41,Female,PhD,Director of Data Science,16,200000,USA,White,0
24,Female,Bachelor's Degree,Software Developer,2,55000,USA,White,0
30,Female,Bachelor's Degree,Software Engineer,5,90000,USA,Asian,0
42,Male,Master's Degree,Product Manager,14,180000,USA,Asian,0
25,Female,Master's Degree,Software Engineer,2,60000,USA,African American,0
30,Female,Bachelor's Degree,Software Engineer,5,90000,USA,White,0
42,Male,Master's Degree,Product Manager,14,180000,USA,White,0
26,Male,Bachelor's Degree,Software Developer,2,60000,USA,African American,0
35,Female,Master's Degree,Data Analyst,9,120000,USA,Asian,0
25,Female,Master's Degree,Software Engineer,2,60000,USA,White,0
48,Male,PhD,Director of Data Science,18,210000,USA,White,0
23,Female,Bachelor's Degree,Software Engineer,1,50000,USA,Hispanic,0
32,Male,Master's Degree,Product Manager,7,110000,USA,African American,0
30,Female,Bachelor's Degree,Software Engineer,5,90000,USA,White,0
29,Male,Bachelor's Degree,Front End Developer,4,80000,USA,African American,0
48,Male,PhD,Director of Data Science,18,210000,USA,White,0
30,Female,Bachelor's Degree,Software Engineer,4,80000,USA,Asian,0
42,Male,Master's Degree,Product Manager,14,180000,USA,Hispanic,0
26,Male,Bachelor's Degree,Software Developer,2,60000,USA,African American,0
27,Female,Bachelor's Degree,Software Engineer,3,70000,USA,Asian,0
32,Male,Master's Degree,Product Manager,7,110000,USA,African American,0
27,Female,Bachelor's Degree,Software Engineer,3,70000,USA,African American,0
28,Male,Bachelor's Degree,Software Engineer,4,75000,USA,African American,0
34,Male,Master's Degree,Data Analyst,8,100000,USA,Asian,0
30,Female,Bachelor's Degree,Software Engineer,5,90000,USA,White,0
48,Male,PhD,Director of Data Science,18,210000,USA,White,0
36,Male,PhD,Data Scientist,12,170000,USA,Asian,1
29,Male,Bachelor's Degree,Front End Developer,4,80000,USA,Asian,0
35,Female,Master's Degree,Data Analyst,9,120000,USA,White,0
27,Female,Bachelor's Degree,Software Engineer,3,70000,USA,Asian,0
34,Male,Master's Degree,Data Scientist,9,140000,USA,Hispanic,0
37,Male,Bachelor's Degree,Data Analyst,11,160000,USA,African American,0
28,Male,Bachelor's Degree,Software Engineer,4,75000,USA,Hispanic,0
34,Male,Master's Degree,Data Analyst,8,100000,USA,African American,0
30,Female,Bachelor's Degree,Software Engineer,5,90000,USA,Hispanic,0
29,Male,Bachelor's Degree,Front End Developer,4,80000,USA,Asian,0
25,Female,Master's Degree,Software Engineer,2,60000,USA,White,0
28,Male,Bachelor's Degree,Software Engineer,4,75000,USA,Hispanic,0
41,Female,PhD,Director of Data Science,16,200000,USA,African American,0
42,Male,Master's Degree,Product Manager,14,180000,USA,White,0
32,Male,Master's Degree,Product Manager,7,110000,USA,Hispanic,0
37,Male,Bachelor's Degree,Data Analyst,11,160000,USA,African American,0
34,Male,Master's Degree,Data Analyst,8,100000,USA,Hispanic,0
30,Female,Bachelor's Degree,Software Engineer,5,90000,USA,African American,0
42,Male,Master's Degree,Product Manager,14,180000,USA,White,0
35,Female,Master's Degree,Data Analyst,9,120000,USA,White,0
22,Female,Highschool,HR Generalist,0,40000,USA,Hispanic,0
24,Female,Bachelor's Degree,Web Developer,1,45000,USA,Hispanic,0
39,Female,PhD,Director of HR,13,130000,USA,Asian,0
32,Female,Master's Degree,HR Generalist,7,80000,USA,White,1
24,Female,Highschool,HR Generalist,1,32000,USA,Hispanic,0
45,Male,PhD,Human Resources Manager,12,120000,USA,Asian,1
29,Female,Master's Degree,Web Developer,4,65000,USA,White,0
27,Female,Master's Degree,Director of HR,5,80000,USA,White,0
26,Female,Bachelor's Degree,Web Developer,2,45000,USA,White,0
28,Male,Highschool,HR Generalist,1,32000,USA,Hispanic,0
30,Male,Master's Degree,Web Developer,4,65000,USA,White,0
26,Female,Highschool,HR Generalist,2,35000,USA,White,0
35,Male,Bachelor's Degree,Web Developer,6,80000,USA,White,0
39,Male,Master's Degree,HR Generalist,10,105000,USA,Asian,1
30,Male,Highschool,HR Generalist,1,32000,USA,Asian,0
25,Female,Master's Degree,HR Generalist,1,32000,USA,Asian,0
31,Male,Highschool,HR Generalist,2,35000,USA,African American,0
38,Male,Master's Degree,HR Generalist,8,95000,USA,Hispanic,1
36,Female,Master's Degree,Web Developer,7,85000,USA,African American,0
45,Male,PhD,Director of HR,14,140000,USA,African American,0
24,Female,Bachelor's Degree,Web Developer,1,40000,USA,Hispanic,0
30,Male,Highschool,HR Coordinator,2,33000,USA,Hispanic,0
25,Female,Master's Degree,HR Generalist,1,32000,USA,Hispanic,0
45,Male,PhD,Director of HR,14,140000,USA,White,0
38,Male,Master's Degree,HR Generalist,8,95000,USA,White,1
36,Female,Master's Degree,Web Developer,7,85000,USA,Asian,0
26,Female,Bachelor's Degree,Web Developer,2,45000,USA,White,0
34,Male,Bachelor's Degree,Web Developer,3,50000,USA,Asian,0
41,Male,Master's Degree,HR Generalist,11,115000,USA,Asian,1
40,Male,PhD,Director of HR,13,135000,USA,African American,0
23,Female,Bachelor's Degree,Web Developer,1,40000,USA,Asian,0
32,Female,Bachelor's Degree,Web Developer,2,45000,USA,African American,0
27,Female,Master's Degree,HR Generalist,4,70000,USA,Hispanic,1
42,Female,Master's Degree,Director of HR,13,135000,USA,Asian,0
34,Male,Bachelor's Degree,Web Developer,4,65000,USA,White,0
44,Female,PhD,Director of HR,14,140000,USA,Asian,0
42,Female,Master's Degree,Director of HR,12,120000,USA,African American,0
43,Female,PhD,Human Resources Manager,15,150000,USA,African American,1
25,Female,Master's Degree,HR Generalist,1,32000,USA,Hispanic,0
37,Male,PhD,Director of HR,11,115000,USA,White,0
39,Male,Master's Degree,HR Generalist,10,105000,USA,Asian,1
44,Female,PhD,Director of HR,13,135000,USA,African American,0
38,Male,Master's Degree,HR Generalist,8,95000,USA,White,1
28,Male,Bachelor's Degree,Web Developer,4,65000,USA,Hispanic,0
27,Female,Highschool,HR Generalist,1,32000,USA,Asian,0
42,Female,Master's Degree,Director of HR,12,120000,USA,African American,0
43,Female,PhD,Human Resources Manager,15,150000,USA,White,1
45,Male,PhD,Director of HR,14,140000,USA,White,0
29,Male,Master's Degree,Human Resources Manager,4,70000,USA,Hispanic,1
36,Female,Master's Degree,Web Developer,7,85000,USA,White,0
43,Female,PhD,Human Resources Manager,15,150000,USA,Hispanic,1
33,Male,Bachelor's Degree,Operations Manager,6,75000,USA,Hispanic,0
29,Female,Highschool,Sales Associate,1,30000,USA,African American,0
44,Male,PhD,Data Scientist,16,160000,USA,Hispanic,0
29,Female,Highschool,Sales Associate,1,30000,USA,African American,0
36,Female,Master's Degree,Marketing Coordinator,8,85000,USA,African American,0
25,Female,Bachelor's Degree,Software Developer,1,35000,USA,Asian,0
31,Male,Bachelor's Degree,Software Engineer,4,65000,USA,African American,0
26,Male,Bachelor's Degree,Software Developer,3,60000,USA,African American,0
42,Male,PhD,Data Scientist,13,140000,USA,African American,0
25,Female,Bachelor's Degree,Software Developer,1,35000,USA,Asian,0
31,Male,Bachelor's Degree,Operations Manager,5,70000,USA,African American,0
42,Male,PhD,Data Scientist,13,140000,USA,White,0
33,Male,Bachelor's Degree,Operations Manager,6,75000,USA,White,0
26,Male,Bachelor's Degree,Software Developer,3,60000,USA,African American,0
42,Male,PhD,Data Scientist,13,140000,USA,African American,0
44,Male,PhD,Data Scientist,15,150000,USA,Asian,0
41,Male,PhD,Data Scientist,12,130000,USA,White,0
33,Female,Bachelor's Degree,Human Resources Manager,6,75000,USA,Hispanic,0
26,Female,Bachelor's Degree,Software Developer,1,35000,USA,Hispanic,0
39,Female,Master's Degree,Human Resources Manager,11,120000,USA,White,0
28,Female,Highschool,Sales Associate,1,30000,USA,Hispanic,0
30,Male,Bachelor's Degree,Operations Manager,5,70000,USA,Asian,0
26,Female,Master's Degree,Human Resources Coordinator,3,50000,USA,African American,0
38,Female,Master's Degree,Marketing Manager,10,110000,USA,White,0
39,Female,Master's Degree,Human Resources Manager,11,120000,USA,White,0
35,Female,Master's Degree,Marketing Coordinator,8,85000,USA,Asian,0
30,Male,Bachelor's Degree,Operations Manager,5,70000,USA,African American,0
41,Male,PhD,Data Scientist,13,140000,USA,Hispanic,0
33,Female,Bachelor's Degree,Human Resources Manager,6,75000,USA,Asian,0
27,Male,Highschool,Sales Associate,2,35000,USA,African American,0
38,Female,Master's Degree,Marketing Manager,10,110000,USA,African American,0
39,Female,Master's Degree,Human Resources Manager,11,120000,USA,African American,0
26,Female,Master's Degree,Human Resources Coordinator,3,50000,USA,Asian,0
27,Male,Highschool,Sales Associate,2,35000,USA,White,0
38,Female,Master's Degree,Marketing Manager,10,110000,USA,African American,0
26,Female,Bachelor's Degree,Software Developer,1,35000,USA,Asian,0
32,Male,Bachelor's Degree,Operations Manager,6,75000,USA,Asian,0
26,Female,Master's Degree,Human Resources Coordinator,3,50000,USA,White,0
32,Male,Bachelor's Degree,Operations Manager,6,75000,USA,African American,0
32,Male,Bachelor's Degree,Operations Manager,6,75000,USA,Asian,0
28,Female,Highschool,Sales Associate,1,30000,USA,African American,0
22,Male,Highschool,Sales Associate,1,25000,USA,African American,0
25,Male,Highschool,Sales Associate,2,30000,USA,African American,0
36,Female,Master's Degree,Marketing Coordinator,9,100000,USA,Asian,0
31,Male,Bachelor's Degree,Operations Manager,6,75000,USA,Asian,0
27,Female,Master's Degree,Human Resources Coordinator,3,50000,USA,Hispanic,0
26,Male,Highschool,Sales Associate,2,30000,USA,White,0
28,Male,Bachelor's Degree,Software Developer,3,60000,USA,Hispanic,0
34,Female,Bachelor's Degree,Human Resources Manager,6,75000,USA,Asian,0
39,Female,Master's Degree,Marketing Manager,11,120000,USA,Hispanic,0
25,Female,Bachelor's Degree,Software Developer,1,35000,USA,Hispanic,0
44,Male,PhD,Data Scientist,15,150000,USA,African American,0
36,Female,Master's Degree,Marketing Coordinator,9,100000,USA,White,0
42,Male,PhD,Data Scientist,14,140000,USA,White,0
39,Female,Master's Degree,Marketing Manager,11,120000,USA,White,0
33,Male,Bachelor's Degree,Operations Manager,7,85000,USA,White,0
44,Male,PhD,Data Scientist,15,150000,USA,Hispanic,0
27,Female,Master's Degree,Human Resources Coordinator,3,50000,USA,White,0
26,Male,Highschool,Sales Associate,2,30000,USA,African American,0
40,Female,Master's Degree,Human Resources Manager,12,130000,USA,White,0
29,Female,Highschool,Sales Associate,1,25000,USA,White,0
36,Female,Master's Degree,Marketing Coordinator,9,100000,USA,Asian,0
33,Male,Bachelor's Degree,Operations Manager,7,85000,USA,Asian,0
29,Female,Highschool,Sales Associate,1,25000,USA,African American,0
31,Male,Bachelor's Degree,Operations Manager,6,75000,USA,White,0
42,Male,PhD,Data Scientist,14,140000,USA,African American,0
39,Female,Master's Degree,Marketing Manager,11,120000,USA,African American,0
30,Male,Bachelor's Degree,Software Engineer,4,65000,USA,Asian,0
29,Female,Highschool,Sales Associate,1,25000,USA,White,0
44,Male,PhD,Data Scientist,15,150000,USA,African American,0
23,Male,Highschool,Sales Associate,1,25000,USA,Asian,0
32,Female,Master's Degree,Software Developer,7,90000,USA,African American,0
44,Male,Bachelor's Degree,Operations Manager,18,170000,USA,Hispanic,0
24,Male,Highschool,Sales Associate,1,25000,USA,Hispanic,0
26,Female,Bachelor's Degree,Software Developer,2,35000,USA,African American,0
43,Male,PhD,Data Scientist,16,160000,USA,White,0
28,Female,Master's Degree,Human Resources Coordinator,2,45000,USA,Asian,0
33,Female,Bachelor's Degree,Human Resources Manager,8,95000,USA,Hispanic,0
26,Female,Bachelor's Degree,Software Developer,2,35000,USA,Asian,0
28,Female,Master's Degree,Human Resources Coordinator,2,45000,USA,Hispanic,0
40,Male,PhD,Data Scientist,15,150000,USA,Asian,0
41,Female,Master's Degree,Human Resources Manager,13,140000,USA,African American,0
36,Male,Bachelor's Degree,Operations Manager,9,110000,USA,African American,0
39,Female,Master's Degree,Marketing Coordinator,11,120000,USA,Hispanic,0
32,Male,Bachelor's Degree,Operations Manager,6,90000,USA,African American,0
32,Male,Bachelor's Degree,Operations Manager,6,90000,USA,White,0
28,Female,Master's Degree,Human Resources Coordinator,2,45000,USA,White,0
35,Female,Master's Degree,Marketing Manager,10,110000,USA,White,0
41,Female,Master's Degree,Human Resources Manager,13,140000,USA,Hispanic,0
36,Male,Bachelor's Degree,Operations Manager,9,110000,USA,Hispanic,0
28,Female,Highschool,Sales Associate,1,25000,USA,African American,0
40,Male,PhD,Data Scientist,15,150000,USA,African American,0
24,Male,Highschool,Sales Associate,1,25000,USA,Asian,0
35,Female,Master's Degree,Marketing Manager,10,110000,USA,Hispanic,0
29,Male,Bachelor's Degree,Software Engineer,4,70000,USA,Asian,0
49,Male,PhD,Data Scientist,22,220000,USA,Hispanic,0
41,Female,Master's Degree,Human Resources Manager,13,140000,USA,White,0
40,Male,PhD,Data Scientist,15,150000,USA,Hispanic,0
35,Female,Master's Degree,Marketing Manager,10,110000,USA,African American,0
28,Female,Master's Degree,Human Resources Coordinator,2,45000,USA,White,0
29,Male,Bachelor's Degree,Software Developer,5,80000,USA,Hispanic,0
43,Female,Master's Degree,Human Resources Manager,14,146000,USA,White,0
44,Male,PhD,Data Scientist,17,168000,USA,Asian,0
30,Male,Bachelor's Degree,Software Developer,6,85000,USA,Asian,0
36,Female,Master's Degree,Marketing Manager,11,117000,USA,Asian,0
30,Male,Bachelor's Degree,Software Engineer,5,75000,USA,African American,0
50,Male,PhD,Data Scientist,23,225000,USA,Hispanic,0
27,Female,Bachelor's Degree,Software Developer,2,36000,USA,Asian,0
30,Male,Bachelor's Degree,Software Developer,6,85000,USA,African American,0
33,Male,Bachelor's Degree,Operations Manager,7,96000,USA,Hispanic,0
36,Female,Master's Degree,Marketing Manager,11,117000,USA,Hispanic,0
37,Male,Bachelor's Degree,Operations Manager,10,113000,USA,White,0
44,Male,PhD,Data Scientist,17,168000,USA,White,0
23,Male,Highschool,Sales Associate,1,26000,USA,Hispanic,0
30,Male,Bachelor's Degree,Software Engineer,5,75000,USA,White,0
30,Male,Bachelor's Degree,Software Developer,6,85000,USA,White,0
43,Female,Master's Degree,Human Resources Manager,14,146000,USA,African American,0
23,Male,Highschool,Sales Associate,1,26000,USA,Hispanic,0
29,Female,Master's Degree,Human Resources Coordinator,3,49000,USA,Hispanic,0
43,Male,PhD,Data Scientist,16,162000,USA,Asian,0
36,Female,Master's Degree,Marketing Manager,11,117000,USA,African American,0
44,Male,PhD,Data Scientist,17,168000,USA,Hispanic,0
43,Male,PhD,Data Scientist,16,162000,USA,African American,0
34,Female,Bachelor's Degree,Human Resources Manager,9,99000,USA,White,0
23,Male,Highschool,Sales Associate,1,26000,USA,Hispanic,0
36,Female,Master's Degree,Marketing Manager,11,117000,USA,White,0
43,Female,Master's Degree,Human Resources Manager,14,146000,USA,African American,0
29,Female,Highschool,Sales Associate,1,26000,USA,White,0
32,Female,Master's Degree,Software Developer,8,95000,USA,White,0
24,Male,Highschool,Sales Associate,1,26000,USA,White,0
30,Female,Highschool,Sales Associate,1,26000,USA,African American,0
31,Male,Bachelor's Degree,Software Developer,6,85000,USA,Hispanic,0
34,Male,Bachelor's Degree,Operations Manager,8,101000,USA,White,0
44,Male,PhD,Data Scientist,18,182000,USA,Asian,0
28,Female,Bachelor's Degree,Software Developer,2,36000,USA,Asian,0
38,Male,Bachelor's Degree,Operations Manager,11,119000,USA,Hispanic,0
41,Female,Master's Degree,Marketing Coordinator,13,131000,USA,Asian,0
34,Male,Bachelor's Degree,Operations Manager,8,101000,USA,African American,0
44,Male,PhD,Data Scientist,18,182000,USA,African American,0
28,Female,Bachelor's Degree,Software Developer,2,36000,USA,African American,0
38,Male,Bachelor's Degree,Operations Manager,11,119000,USA,African American,0
35,Female,Bachelor's Degree,Human Resources Manager,8,92000,USA,Asian,0
26,Male,Highschool,Sales Associate,1,26000,USA,White,0
38,Male,Bachelor's Degree,Operations Manager,11,119000,USA,African American,0
34,Male,Bachelor's Degree,Operations Manager,8,101000,USA,African American,0
29,Male,Bachelor's Degree,Software Engineer,4,71000,USA,White,0
51,Male,PhD,Data Scientist,24,240000,USA,White,0
38,Male,Bachelor's Degree,Operations Manager,11,119000,USA,Hispanic,0
45,Male,PhD,Data Scientist,19,190000,USA,Hispanic,0
34,Male,Bachelor's Degree,Operations Manager,8,101000,USA,African American,0
30,Female,Master's Degree,Human Resources Coordinator,3,49000,USA,Hispanic,0
29,Male,Bachelor's Degree,Software Engineer,4,71000,USA,Asian,0
45,Male,PhD,Data Scientist,19,190000,USA,Hispanic,0
42,Female,Master's Degree,Marketing Manager,16,137000,USA,Asian,0
29,Female,Bachelor's Degree,Human Resources Coordinator,2,45000,USA,White,0
33,Male,Highschool,Sales Associate,1,25000,USA,Hispanic,0
36,Female,Bachelor's Degree,Operations Manager,7,91000,USA,White,0
26,Male,Bachelor's Degree,Software Engineer,1,52000,USA,White,0
30,Female,Bachelor's Degree,Marketing Coordinator,4,58000,USA,African American,0
28,Female,Bachelor's Degree,Software Developer,2,37000,USA,African American,0
35,Female,Master's Degree,Human Resources Manager,8,92000,USA,White,0
34,Male,Bachelor's Degree,Operations Manager,8,104000,USA,White,0
45,Male,Master's Degree,Marketing Manager,20,204000,USA,White,0
27,Female,Bachelor's Degree,Software Developer,3,61000,USA,Asian,0
30,Female,Bachelor's Degree,Marketing Coordinator,4,58000,USA,Hispanic,0
30,Female,Bachelor's Degree,Marketing Coordinator,4,58000,USA,African American,0
38,Male,Bachelor's Degree,Operations Manager,11,119000,USA,African American,0
35,Female,Master's Degree,Human Resources Manager,8,92000,USA,Hispanic,0
34,Male,Bachelor's Degree,Operations Manager,8,104000,USA,Hispanic,0
27,Female,Bachelor's Degree,Software Developer,3,61000,USA,African American,0
35,Female,Master's Degree,Human Resources Manager,8,92000,USA,White,0
32,Female,Master's Degree,Marketing Manager,6,77000,USA,Asian,0
45,Male,Master's Degree,Marketing Manager,20,204000,USA,African American,0
45,Male,Master's Degree,Marketing Manager,20,204000,USA,White,0
38,Male,Bachelor's Degree,Operations Manager,11,119000,USA,Hispanic,0
27,Female,Bachelor's Degree,Software Developer,3,61000,USA,African American,0
48,Male,PhD,Data Scientist,22,219000,USA,Asian,0
32,Female,Master's Degree,Marketing Manager,6,77000,USA,African American,0
40,Female,PhD,Director of HR,13,125000,USA,White,0
34,Male,Bachelor's Degree,Web Developer,7,85000,USA,Asian,0
29,Male,Master's Degree,HR Generalist,4,70000,USA,Hispanic,1
30,Male,Bachelor's Degree,Web Developer,5,70000,USA,Asian,0
35,Male,PhD,Human Resources Manager,10,110000,USA,White,1
25,Male,Highschool,Web Developer,2,45000,USA,White,0
34,Male,PhD,Director of HR,9,95000,USA,White,0
26,Male,Bachelor's Degree,HR Coordinator,2,38000,USA,White,0
27,Female,Master's Degree,HR Generalist,2,42000,USA,African American,0
30,Male,Bachelor's Degree,Web Developer,4,65000,USA,Asian,0
26,Female,Bachelor's Degree,HR Generalist,2,42000,USA,African American,0
29,Male,Bachelor's Degree,Web Developer,3,60000,USA,Hispanic,0
40,Female,PhD,Director of HR,13,125000,USA,Asian,0
29,Male,Master's Degree,HR Generalist,4,70000,USA,Hispanic,1
24,Male,Bachelor's Degree,Web Developer,1,40000,USA,Asian,0
33,Female,Bachelor's Degree,HR Generalist,7,65000,USA,African American,0
34,Male,PhD,Director of HR,9,95000,USA,African American,0
42,Female,Master's Degree,Human Resources Manager,13,125000,USA,Asian,1
29,Female,Master's Degree,Web Developer,3,60000,USA,White,0
35,Male,PhD,Human Resources Manager,10,110000,USA,Hispanic,1
28,Male,Highschool,Web Developer,2,43000,USA,African American,0
31,Female,Bachelor's Degree,HR Coordinator,4,500,USA,Asian,0
27,Female,Bachelor's Degree,Software Engineer,1,45000,USA,White,0
29,Female,Bachelor's Degree,Marketing Coordinator,3,55000,USA,African American,0
27,Male,Bachelor's Degree,Data Analyst,2,50000,USA,African American,0
33,Male,Master's Degree,Data Scientist,8,120000,USA,Asian,1
31,Male,Bachelor's Degree,Marketing Manager,5,70000,USA,White,0
32,Female,Master's Degree,Software Engineer,7,100000,USA,Asian,1
29,Female,Bachelor's Degree,Marketing Manager,3,55000,USA,Asian,0
26,Female,Bachelor's Degree,Software Engineer,1,45000,USA,Asian,0
27,Male,Bachelor's Degree,Data Analyst,2,50000,USA,Hispanic,0
35,Male,PhD,Research Scientist,10,130000,USA,African American,1
26,Female,Bachelor's Degree,Software Engineer,1,45000,USA,Asian,0
27,Male,Bachelor's Degree,Data Analyst,2,50000,USA,Hispanic,0
26,Female,Bachelor's Degree,Software Engineer,1,45000,USA,White,0
33,Male,Master's Degree,Data Scientist,8,120000,USA,Hispanic,1
27,Male,Bachelor's Degree,Data Analyst,2,50000,USA,African American,0
35,Male,PhD,Research Scientist,10,130000,USA,White,1
29,Female,Bachelor's Degree,Marketing Coordinator,3,55000,USA,White,0
38,Female,PhD,Research Scientist,12,140000,USA,Hispanic,1
25,Male,Highschool,Sales Associate,1,30000,USA,White,0
29,Female,Bachelor's Degree,Marketing Manager,3,55000,USA,White,0
31,Male,Bachelor's Degree,Marketing Manager,5,70000,USA,Hispanic,0
25,Male,Highschool,Sales Associate,1,30000,USA,Hispanic,0
29,Female,Bachelor's Degree,Marketing Manager,3,55000,USA,Hispanic,0
35,Male,PhD,Research Scientist,10,130000,USA,African American,1
32,Female,Master's Degree,Software Engineer,7,100000,USA,African American,1
29,Female,Bachelor's Degree,Marketing Manager,3,55000,USA,Hispanic,0
29,Female,Bachelor's Degree,Marketing Coordinator,3,55000,USA,African American,0
25,Male,Highschool,Sales Associate,1,30000,USA,White,0
29,Female,Bachelor's Degree,Marketing Manager,3,55000,USA,Asian,0
35,Male,PhD,Research Scientist,10,130000,USA,White,1
29,Female,Bachelor's Degree,Marketing Coordinator,3,55000,USA,Asian,0
38,Female,PhD,Research Scientist,12,140000,USA,White,1
32,Female,Master's Degree,Software Engineer,7,100000,USA,African American,1
30,Female,Bachelor's Degree,Marketing Coordinator,4,57000,USA,Asian,0
27,Female,Bachelor's Degree,Software Engineer,2,48000,USA,Asian,0
30,Female,Bachelor's Degree,Marketing Manager,4,57000,USA,White,0
26,Male,Highschool,Sales Associate,2,31000,USA,White,0
27,Female,Bachelor's Degree,Software Engineer,2,48000,USA,White,0
30,Female,Bachelor's Degree,Marketing Coordinator,4,57000,USA,Asian,0
39,Female,PhD,Research Scientist,13,145000,USA,Asian,1
30,Female,Bachelor's Degree,Marketing Coordinator,4,57000,USA,Asian,0
33,Female,Master's Degree,Software Engineer,8,105000,USA,African American,1
26,Male,Highschool,Sales Associate,2,31000,USA,Hispanic,0
33,Female,Master's Degree,Software Engineer,8,105000,USA,White,1
34,Male,Master's Degree,Data Scientist,9,125000,USA,White,1
30,Female,Bachelor's Degree,Marketing Coordinator,4,57000,USA,White,0
33,Female,Master's Degree,Software Engineer,8,105000,USA,Hispanic,1
28,Male,Bachelor's Degree,Data Analyst,3,52000,USA,Hispanic,0
30,Female,Bachelor's Degree,Marketing Coordinator,4,57000,USA,Hispanic,0
26,Male,Highschool,Sales Associate,2,31000,USA,Asian,0
39,Female,PhD,Research Scientist,13,145000,USA,African American,1
26,Male,Highschool,Sales Associate,2,31000,USA,Asian,0
28,Male,Bachelor's Degree,Data Analyst,3,52000,USA,Asian,0
30,Female,Bachelor's Degree,Marketing Manager,4,57000,USA,White,0
27,Female,Bachelor's Degree,Software Engineer,2,48000,USA,White,0
33,Female,Master's Degree,Software Engineer,8,105000,USA,African American,1
28,Male,Bachelor's Degree,Data Analyst,3,52000,USA,White,0
33,Male,PhD,Sales Director,10,155000,USA,Asian,0
25,Female,Bachelor's Degree,Marketing Manager,3,65000,USA,African American,0
28,Female,Master's Degree,Marketing Manager,7,110000,USA,White,0
31,Male,Bachelor's Degree,Sales Director,9,140000,USA,White,0
33,Male,PhD,Sales Director,10,155000,USA,Asian,0
21,Female,Highschool,Sales Representative,0,25000,USA,Asian,0
25,Female,Bachelor's Degree,Marketing Manager,3,65000,USA,Hispanic,0
31,Male,Bachelor's Degree,Sales Director,9,140000,USA,White,0
28,Female,Master's Degree,Marketing Manager,7,110000,USA,Hispanic,0
29,Male,Bachelor's Degree,Digital Marketing Manager,6,95000,USA,White,0
33,Male,PhD,Sales Director,10,155000,USA,White,0
21,Female,Highschool,Sales Representative,0,25000,USA,African American,0
31,Male,Bachelor's Degree,Sales Director,9,140000,USA,African American,0
21,Female,Highschool,Sales Representative,0,25000,USA,White,0
33,Male,PhD,Sales Director,10,155000,USA,Asian,0
26,Male,Bachelor's Degree,Product Marketing Manager,5,85000,USA,White,1
31,Male,Bachelor's Degree,Sales Director,9,140000,USA,White,0
27,Female,Master's Degree,Content Marketing Manager,4,80000,USA,White,0
33,Male,PhD,Sales Director,10,155000,USA,Asian,0
30,Male,Master's Degree,Financial Manager,7,120000,USA,African American,0
24,Female,Highschool,Sales Associate,1,30000,USA,White,0
28,Female,PhD,Director of Marketing,6,105000,USA,White,0
28,Female,Master's Degree,Marketing Manager,7,110000,USA,White,0
31,Male,Bachelor's Degree,Sales Director,9,140000,USA,Asian,0
33,Male,PhD,Sales Director,10,155000,USA,White,0
34,Male,PhD,Director of Marketing,12,170000,USA,White,0
22,Female,Highschool,Sales Associate,0,25000,USA,Asian,0
33,Female,Bachelor's Degree,Marketing Manager,9,140000,USA,Asian,0
34,Male,PhD,Director of Marketing,12,170000,USA,Hispanic,0
31,Male,Bachelor's Degree,Sales Director,9,140000,USA,African American,0
24,Female,Highschool,Sales Associate,1,30000,USA,White,0
29,Male,Bachelor's Degree,Digital Marketing Manager,6,95000,USA,African American,0
31,Male,Bachelor's Degree,Sales Director,9,140000,USA,African American,0
24,Female,Highschool,Sales Associate,1,30000,USA,African American,0
29,Male,Bachelor's Degree,Digital Marketing Manager,6,95000,USA,Hispanic,0
26,Male,Bachelor's Degree,Product Marketing Manager,5,85000,USA,African American,1
31,Male,Bachelor's Degree,Sales Director,9,140000,USA,Asian,0
27,Female,Master's Degree,Content Marketing Manager,4,80000,USA,White,0
25,Female,Bachelor's Degree,Marketing Manager,3,65000,USA,Asian,0
28,Female,Master's Degree,Marketing Manager,7,110000,USA,Asian,0
29,Male,Bachelor's Degree,Digital Marketing Manager,6,95000,USA,Hispanic,0
33,Male,PhD,Sales Director,10,155000,USA,African American,0
25,Female,Bachelor's Degree,Marketing Manager,3,65000,USA,White,0
28,Female,PhD,Director of Marketing,6,105000,USA,Asian,0
36,Male,Bachelor's Degree,Sales Manager,11,160000,USA,African American,0
26,Male,Bachelor's Degree,Product Marketing Manager,5,85000,USA,Hispanic,1
28,Female,Master's Degree,Marketing Manager,7,110000,USA,White,0
29,Male,Bachelor's Degree,Digital Marketing Manager,6,95000,USA,African American,0
27,Female,Master's Degree,Content Marketing Manager,4,80000,USA,Asian,0
21,Female,Highschool,Sales Representative,0,25000,USA,African American,0
36,Male,Bachelor's Degree,Sales Manager,11,160000,USA,Asian,0
30,Male,Master's Degree,Financial Manager,7,120000,USA,White,0
34,Male,PhD,Director of Marketing,12,170000,USA,Asian,0
30,Male,Master's Degree,Financial Manager,7,120000,USA,White,0
26,Male,Bachelor's Degree,Product Marketing Manager,5,85000,USA,Hispanic,1
28,Female,PhD,Director of Marketing,6,105000,USA,Hispanic,0
26,Male,Bachelor's Degree,Product Marketing Manager,5,85000,USA,African American,1
33,Male,PhD,Sales Director,10,155000,USA,African American,0
36,Male,Bachelor's Degree,Sales Manager,11,160000,USA,Asian,0
27,Female,Bachelor's Degree,Graphic Designer,2,50000,USA,Hispanic,0
26,Female,Bachelor's Degree,Social Media Manager,3,55000,USA,African American,0
27,Male,Bachelor's Degree,Product Designer,3,60000,USA,African American,0
34,Female,PhD,Research Director,10,150000,USA,Asian,0
29,Female,Bachelor's Degree,Digital Marketing Specialist,3,60000,USA,Hispanic,0
26,Female,Bachelor's Degree,Social Media Manager,3,55000,USA,African American,0
32,Male,PhD,Data Scientist,9,140000,USA,Asian,0
27,Male,Bachelor's Degree,Product Designer,3,60000,USA,African American,0
34,Female,PhD,Research Director,10,150000,USA,Asian,0
35,Male,Bachelor's Degree,Project Manager,10,130000,USA,White,0
24,Female,Highschool,Sales Associate,0,25000,USA,Hispanic,0
22,Female,Highschool,Receptionist,0,25000,USA,White,0
37,Male,Bachelor's Degree,Product Manager,12,150000,USA,Asian,0
31,Female,Master's Degree,Financial Manager,7,120000,USA,Asian,0
23,Male,Bachelor's Degree,Software Engineer,1,60000,USA,Hispanic,0
27,Female,Bachelor's Degree,Graphic Designer,2,50000,USA,Hispanic,0
42,Male,Master's Degree,Software Engineer,18,180000,USA,Asian,1
33,Male,Bachelor's Degree,Marketing Manager,7,110000,USA,Asian,0
37,Male,Bachelor's Degree,Product Manager,12,150000,USA,White,0
38,Female,Master's Degree,Marketing Director,14,170000,USA,Hispanic,0
25,Male,Bachelor's Degree,Software Engineer,1,55000,USA,African American,0
29,Female,Bachelor's Degree,Marketing Coordinator,4,65000,USA,Hispanic,0
34,Female,PhD,Research Director,10,150000,USA,Asian,0
39,Female,Master's Degree,Marketing Manager,12,150000,USA,Asian,0
25,Male,Bachelor's Degree,Financial Analyst,1,55000,USA,Hispanic,0
28,Male,Bachelor's Degree,Product Designer,3,60000,USA,African American,0
36,Female,Master's Degree,Marketing Director,11,160000,USA,White,0
29,Female,PhD,Data Scientist,5,100000,USA,African American,0
27,Female,Bachelor's Degree,Social Media Manager,3,55000,USA,Hispanic,0
27,Male,Bachelor's Degree,Marketing Analyst,2,50000,USA,Hispanic,0
27,Male,Bachelor's Degree,Marketing Analyst,2,50000,USA,Asian,0
25,Male,Bachelor's Degree,Financial Analyst,1,55000,USA,African American,0
29,Female,PhD,Data Scientist,5,100000,USA,African American,0
25,Female,Highschool,Sales Associate,0,25000,USA,African American,0
39,Female,Master's Degree,Marketing Manager,14,170000,USA,Asian,0
26,Male,Bachelor's Degree,Software Engineer,1,55000,USA,White,0
35,Female,PhD,Research Director,11,160000,USA,African American,0
26,Male,Bachelor's Degree,Software Engineer,1,55000,USA,Hispanic,0
32,Female,Master's Degree,Financial Manager,8,120000,USA,White,0
28,Male,Bachelor's Degree,Software Engineer,3,85000,USA,Asian,0
29,Female,PhD,Data Scientist,5,100000,USA,Hispanic,0
33,Male,Bachelor's Degree,Project Manager,8,120000,USA,White,0
27,Female,Bachelor's Degree,Graphic Designer,2,50000,USA,Hispanic,0
27,Female,Bachelor's Degree,Social Media Manager,3,55000,USA,African American,0
33,Male,PhD,Research Scientist,10,150000,USA,White,0
30,Female,Bachelor's Degree,Marketing Coordinator,4,65000,USA,Asian,0
28,Male,Bachelor's Degree,Product Designer,3,60000,USA,Asian,0
29,Female,PhD,Data Scientist,5,100000,USA,Asian,0
25,Female,Highschool,Sales Associate,0,25000,USA,Asian,0
28,Female,PhD,Data Scientist,5,100000,USA,Asian,0
32,Male,Bachelor's Degree,Project Manager,8,120000,USA,African American,0
26,Female,Bachelor's Degree,Graphic Designer,2,50000,USA,Hispanic,0
33,Male,Bachelor's Degree,Marketing Manager,9,130000,USA,African American,0
26,Female,Bachelor's Degree,Social Media Manager,3,55000,USA,African American,0
31,Female,Bachelor's Degree,Marketing Coordinator,4,65000,USA,Asian,0
24,Male,Bachelor's Degree,Financial Analyst,1,55000,USA,White,0
32,Male,PhD,Research Scientist,10,150000,USA,Hispanic,0
26,Male,Bachelor's Degree,Marketing Analyst,2,50000,USA,White,0
35,Female,Master's Degree,Marketing Director,11,160000,USA,White,0
32,Male,PhD,Research Scientist,10,150000,USA,Hispanic,0
26,Male,Bachelor's Degree,Marketing Analyst,2,50000,USA,Hispanic,0
34,Female,PhD,Research Director,11,160000,USA,Hispanic,0
26,Male,Bachelor's Degree,Marketing Analyst,2,50000,USA,Asian,0
29,Male,Bachelor's Degree,Product Designer,3,60000,USA,Hispanic,0
27,Male,Bachelor's Degree,Software Engineer,1,55000,USA,African American,0
31,Female,Bachelor's Degree,Marketing Coordinator,4,65000,USA,Hispanic,0
29,Male,Bachelor's Degree,Product Designer,3,60000,USA,Asian,0
31,Female,Master's Degree,Financial Manager,8,120000,USA,Asian,0
41,Male,Master's Degree,Software Engineer,19,185000,USA,Hispanic,1
24,Female,Highschool,Sales Associate,0,25000,USA,White,0
30,Male,Master's Degree,Financial Analyst,6,100000,USA,White,0
26,Female,Bachelor's Degree,Social Media Man,7,100000,USA,African American,0
26,Female,Bachelor's Degree,Graphic Designer,2,50000,USA,White,0
33,Male,Master's Degree,Marketing Manager,9,130000,USA,White,0
31,Male,Bachelor's Degree,Project Manager,6,100000,USA,White,0
30,Female,Bachelor's Degree,Sales Manager,5,90000,USA,Asian,0
25,Male,Bachelor's Degree,Product Manager,1,55000,USA,Asian,0
30,Female,Bachelor's Degree,Marketing Coordinator,5,85000,USA,African American,0
34,Male,PhD,Research Director,11,170000,USA,Asian,0
39,Female,Bachelor's Degree,Financial Manager,16,200000,USA,White,0
26,Male,Bachelor's Degree,Product Designer,2,50000,USA,Asian,0
27,Male,Bachelor's Degree,Software Engineer,3,80000,USA,White,0
36,Female,PhD,Research Scientist,12,160000,USA,White,0
33,Female,Master's Degree,Marketing Manager,9,130000,USA,White,0
28,Female,Bachelor's Degree,Marketing Analyst,3,60000,USA,Asian,0
24,Female,Highschool,Receptionist,0,25000,USA,Asian,0
33,Female,Master's Degree,Marketing Manager,9,130000,USA,African American,0
27,Male,Bachelor's Degree,Software Engineer,3,80000,USA,Hispanic,0
29,Male,Bachelor's Degree,Marketing Analyst,4,70000,USA,White,0
32,Male,Bachelor's Degree,Product Manager,7,120000,USA,White,0
37,Male,Master's Degree,Marketing Director,14,180000,USA,African American,0
26,Male,Bachelor's Degree,Product Designer,2,50000,USA,Hispanic,0
29,Male,Bachelor's Degree,Marketing Analyst,4,70000,USA,Hispanic,0
33,Female,Master's Degree,Marketing Manager,9,130000,USA,Hispanic,0
27,Male,Bachelor's Degree,Software Engineer,3,80000,USA,Asian,0
37,Male,Master's Degree,Marketing Director,14,180000,USA,African American,0
33,Female,Master's Degree,Marketing Manager,8,120000,USA,Asian,0
29,Male,Bachelor's Degree,Marketing Analyst,4,70000,USA,Hispanic,0
26,Male,Bachelor's Degree,Product Designer,1,50000,USA,White,0
31,Female,PhD,Data Scientist,8,140000,USA,Asian,0
27,Male,Bachelor's Degree,Software Engineer,3,80000,USA,Hispanic,0
25,Male,Bachelor's Degree,Product Manager,1,60000,USA,White,0
30,Female,Bachelor's Degree,Marketing Coordinator,5,90000,USA,White,0
34,Male,PhD,Research Director,11,160000,USA,Hispanic,0
24,Female,Highschool,Receptionist,0,25000,USA,Hispanic,0
26,Male,Bachelor's Degree,Product Designer,2,55000,USA,Hispanic,0
39,Female,Bachelor's Degree,Financial Manager,16,200000,USA,Asian,0
37,Male,Master's Degree,Marketing Director,14,190000,USA,Asian,0
31,Female,PhD,Data Scientist,8,140000,USA,Hispanic,0
33,Female,Master's Degree,Marketing Manager,9,130000,USA,Asian,0
36,Female,PhD,Research Scientist,12,170000,USA,African American,0
25,Male,Bachelor's Degree,Product Manager,1,60000,USA,Asian,0
24,Female,Highschool,Receptionist,0,25000,USA,African American,0
25,Male,Bachelor's Degree,Product Manager,1,60000,USA,African American,0
33,Female,Master's Degree,Marketing Manager,9,130000,USA,Hispanic,0
30,Female,Bachelor's Degree,Marketing Coordinator,5,90000,USA,Asian,0
32,Male,Bachelor's Degree,Product Manager,7,120000,USA,African American,0
29,Male,Bachelor's Degree,Marketing Analyst,4,70000,USA,Asian,0
25,Male,Bachelor's Degree,Product Manager,1,60000,USA,Hispanic,0
34,Male,PhD,Research Director,11,160000,USA,Hispanic,0
28,Female,Bachelor's Degree,Marketing Analyst,3,60000,USA,White,0
31,Female,PhD,Data Scientist,8,140000,USA,Hispanic,0
27,Male,Bachelor's Degree,Software Engineer,3,80000,USA,Asian,0
29,Male,Bachelor's Degree,Software Engineer,3,75000,USA,African American,0
27,Male,Bachelor's Degree,Product Manager,2,65000,USA,African American,0
30,Female,PhD,Data Scientist,6,100000,USA,Asian,0
27,Male,Bachelor's Degree,Software Engineer,2,65000,USA,Hispanic,0
28,Male,Master's Degree,Financial Analyst,4,90000,USA,Hispanic,0
30,Male,Bachelor's Degree,Project Manager,6,110000,USA,African American,0
34,Female,PhD,Research Director,12,170000,USA,Asian,0
25,Female,Highschool,Customer Service Representative,1,30000,USA,Asian,0
26,Male,Bachelor's Degree,Product Designer,1,50000,USA,White,0
31,Female,PhD,Data Scientist,8,140000,USA,White,0
37,Male,Master's Degree,Marketing Director,14,190000,USA,White,0
27,Male,Bachelor's Degree,Software Engineer,3,80000,USA,African American,0
36,Female,PhD,Research Scientist,12,170000,USA,Asian,0
30,Female,Bachelor's Degree,Marketing Coordinator,5,90000,USA,Asian,0
31,Female,PhD,Data Scientist,8,140000,USA,White,0
33,Female,Master's Degree,Marketing Manager,9,130000,USA,African American,0
30,Female,Bachelor's Degree,Marketing Coordinator,5,90000,USA,African American,0
28,Female,Bachelor's Degree,Marketing Analyst,3,60000,USA,Asian,0
32,Male,Bachelor's Degree,Product Manager,7,120000,USA,Hispanic,0
25,Male,Bachelor's Degree,Product Manager,1,60000,USA,African American,0
30,Female,Bachelor's Degree,Marketing Coordinator,5,90000,USA,Hispanic,0
32,Male,Bachelor's Degree,Product Manager,7,120000,USA,Asian,0
29,Male,Bachelor's Degree,Marketing Analyst,4,70000,USA,African American,0
33,Female,Master's Degree,Marketing Manager,9,130000,USA,African American,0
30,Female,Bachelor's Degree,Marketing Coordinator,5,90000,USA,Hispanic,0
28,Female,Bachelor's Degree,Marketing Analyst,3,60000,USA,White,0
32,Male,Bachelor's Degree,Product Manager,7,120000,USA,White,0
33,Female,Master's Degree,Marketing Manager,9,130000,USA,Asian,0
27,Male,Bachelor's Degree,Software Engineer,3,80000,USA,Asian,0
34,Male,PhD,Research Director,11,160000,USA,Asian,0
24,Female,Highschool,Receptionist,0,25000,USA,Hispanic,0
37,Male,Master's Degree,Marketing Director,14,190000,USA,Hispanic,0
36,Female,Bachelor's Degree,Financial Analyst,11,150000,USA,African American,0
29,Female,Bachelor's Degree,Product Manager,5,80000,USA,Asian,0
27,Male,Bachelor's Degree,Software Engineer,2,65000,USA,Asian,0
31,Female,PhD,Data Scientist,8,140000,USA,Hispanic,0
33,Female,Master's Degree,Marketing Manager,9,130000,USA,White,0
25,Male,Bachelor's Degree,Product Manager,1,60000,USA,Hispanic,0
37,Male,Master's Degree,Marketing Director,14,190000,USA,Hispanic,0
31,Female,PhD,Data Scientist,8,140000,USA,African American,0
24,Female,Highschool,Receptionist,0,25000,USA,African American,0
26,Male,Bachelor's Degree,Product Designer,2,55000,USA,African American,0
31,Female,PhD,Data Scientist,8,140000,USA,White,0
27,Male,Bachelor's Degree,Software Engineer,3,80000,USA,Asian,0
36,Female,PhD,Research Scientist,12,170000,USA,African American,0
24,Female,Highschool,Receptionist,0,25000,USA,White,0
39,Female,Bachelor's Degree,Financial Manager,16,200000,USA,White,0
26,Male,Bachelor's Degree,Product Designer,2,55000,USA,White,0
34,Male,PhD,Research Director,11,160000,USA,White,0
25,Male,Bachelor's Degree,Product Manager,1,60000,USA,African American,0
25,Male,Bachelor's Degree,Product Manager,1,60000,USA,African American,0
24,Female,Highschool,Receptionist,0,25000,USA,Hispanic,0
34,Male,Master's Degree,Software Engineer,9,125000,USA,African American,0
30,Female,Bachelor's Degree,Product Manager,5,85000,USA,White,0
29,Male,Master's Degree,Financial Analyst,5,95000,USA,African American,0
32,Female,PhD,Data Scientist,9,145000,USA,Hispanic,0
38,Male,Master's Degree,Marketing Director,14,195000,USA,White,0
29,Male,Bachelor's Degree,Marketing Analyst,4,75000,USA,African American,0
33,Female,Master's Degree,Marketing Manager,9,135000,USA,Asian,0
30,Female,Bachelor's Degree,Marketing Coordinator,5,95000,USA,Asian,0
28,Female,Bachelor's Degree,Marketing Analyst,3,65000,USA,Asian,0
32,Female,PhD,Data Scientist,9,145000,USA,Asian,0
29,Male,Bachelor's Degree,Marketing Analyst,4,75000,USA,Hispanic,0
36,Female,PhD,Research Scientist,13,185000,USA,African American,0
32,Male,Bachelor's Degree,Product Manager,7,120000,USA,Hispanic,0
24,Female,Highschool,Receptionist,0,25000,USA,Hispanic,0
27,Male,Bachelor's Degree,Software Engineer,3,80000,USA,African American,0
27,Male,Bachelor's Degree,Product Designer,2,55000,USA,African American,0
30,Female,Bachelor's Degree,Marketing Coordinator,5,95000,USA,Asian,0
28,Female,Bachelor's Degree,Marketing Analyst,3,65000,USA,African American,0
38,Male,Master's Degree,Marketing Director,14,195000,USA,Asian,0
27,Male,Bachelor's Degree,Product Designer,2,55000,USA,African American,0
29,Male,Bachelor's Degree,Marketing Analyst,4,75000,USA,Hispanic,0
30,Female,Bachelor's Degree,Marketing Coordinator,5,95000,USA,White,0
34,Male,PhD,Research Director,12,170000,USA,Asian,0
24,Female,Highschool,Receptionist,0,25000,USA,Asian,0
38,Male,Master's Degree,Marketing Director,14,195000,USA,White,0
27,Male,Bachelor's Degree,Product Designer,2,55000,USA,Hispanic,0
33,Female,Master's Degree,Product Manager,8,135000,USA,Hispanic,0
29,Male,Bachelor's Degree,Marketing Analyst,4,75000,USA,White,0
24,Female,Highschool,Receptionist,0,25000,USA,White,0
40,Female,Bachelor's Degree,Financial Manager,16,215000,USA,Hispanic,0
28,Female,Bachelor's Degree,Marketing Analyst,3,65000,USA,African American,0
32,Female,PhD,Data Scientist,9,145000,USA,White,0
32,Male,Bachelor's Degree,Product Manager,7,120000,USA,Hispanic,0
27,Male,Bachelor's Degree,Software Engineer,3,80000,USA,Asian,0
36,Female,PhD,Research Scientist,13,185000,USA,Asian,0
25,Male,Bachelor's Degree,Product Manager,1,60000,USA,African American,0
32,Male,Bachelor's Degree,Product Manager,7,120000,USA,Asian,0
38,Male,Master's Degree,Marketing Director,14,195000,USA,African American,0
30,Female,Bachelor's Degree,Marketing Coordinator,5,95000,USA,Hispanic,0
38,Male,Master's Degree,Marketing Director,14,195000,USA,Asian,0
29,Male,Bachelor's Degree,Marketing Analyst,4,75000,USA,White,0
36,Female,PhD,Research Scientist,13,185000,USA,Asian,0
28,Female,Bachelor's Degree,Marketing Analyst,3,65000,USA,Hispanic,0
32,Female,PhD,Data Scientist,9,145000,USA,Asian,0
38,Male,Master's Degree,Marketing Director,14,195000,USA,Asian,0
29,Male,Bachelor's Degree,Sales Associate,2,45000,USA,Hispanic,0
35,Female,Bachelor's Degree,Sales Representative,2,35000,USA,Asian,0
48,Male,PhD,Sales Director,18,180000,USA,Asian,0
44,Male,Bachelor's Degree,Content Marketing Manager,11,110000,USA,White,0
28,Male,Master's Degree,Sales Representative,2,40000,USA,Asian,0
46,Female,PhD,Product Marketing Manager,16,160000,USA,Hispanic,1
33,Male,Bachelor's Degree,Sales Representative,4,55000,USA,White,0
36,Female,Bachelor's Degree,Sales Representative,2,35000,USA,Hispanic,0
28,Male,Bachelor's Degree,Sales Representative,1,30000,USA,African American,0
46,Male,Master's Degree,Content Marketing Manager,16,160000,USA,White,0
31,Female,Bachelor's Degree,Sales Representative,3,40000,USA,Hispanic,0
33,Female,Master's Degree,Content Marketing Manager,6,75000,USA,Hispanic,0
26,Female,Highschool,Financial Manager,3,45000,USA,African American,0
28,Female,Bachelor's Degree,Sales Representative,2,40000,USA,African American,0
41,Male,Bachelor's Degree,Financial Manager,12,120000,USA,White,0
27,Male,PhD,Sales Representative,4,55000,USA,Hispanic,0
25,Female,Highschool,Sales Executive,1,35000,USA,African American,0
35,Female,PhD,Product Marketing Manager,9,95000,USA,White,1
29,Female,Bachelor's Degree,Financial Manager,4,55000,USA,Hispanic,0
45,Male,Master's Degree,Marketing Manager,13,130000,USA,Hispanic,0
23,Male,Bachelor's Degree,Sales Representative,1,35000,USA,White,0
42,Female,Master's Degree,Digital Marketing Manager,14,140000,USA,Hispanic,0
27,Male,PhD,Marketing Manager,4,55000,USA,African American,0
36,Male,Bachelor's Degree,Sales Director,6,75000,USA,White,0
41,Male,Bachelor's Degree,Content Marketing Manager,12,120000,USA,African American,0
23,Male,Bachelor's Degree,Sales Representative,1,35000,USA,White,0
32,Female,Bachelor's Degree,Director of Marketing,8,80000,USA,Hispanic,0
36,Male,Bachelor's Degree,Sales Director,6,75000,USA,Hispanic,0
42,Female,Master's Degree,Digital Marketing Manager,14,140000,USA,Asian,0
26,Male,Highschool,Sales Manager,2,40000,USA,White,0
32,Female,Bachelor's Degree,Director of Marketing,8,80000,USA,Hispanic,0
26,Female,Bachelor's Degree,Sales Representative,2,40000,USA,African American,0
45,Female,Master's Degree,Director of Marketing,16,160000,USA,African American,0
35,Female,Bachelor's Degree,Sales Executive,7,90000,USA,African American,0
45,Male,Master's Degree,Director of Marketing,15,150000,USA,Hispanic,0
29,Female,Bachelor's Degree,Financial Manager,4,55000,USA,White,0
45,Male,Master's Degree,Marketing Manager,13,130000,USA,African American,0
25,Female,Highschool,Sales Executive,1,35000,USA,Hispanic,0
42,Female,Master's Degree,Digital Marketing Manager,14,140000,USA,African American,0
29,Female,Bachelor's Degree,Financial Manager,4,55000,USA,African American,0
41,Male,Bachelor's Degree,Content Marketing Manager,12,120000,USA,African American,0
35,Female,PhD,Product Marketing Manager,9,95000,USA,Hispanic,1
23,Male,Bachelor's Degree,Sales Representative,1,35000,USA,Hispanic,0
42,Female,Master's Degree,Digital Marketing Manager,14,140000,USA,African American,0
50,Female,Master's Degree,Content Marketing Manager,19,190000,USA,White,0
23,Male,Bachelor's Degree,Sales Representative,1,35000,USA,African American,0
45,Male,Master's Degree,Marketing Manager,13,130000,USA,White,0
48,Female,PhD,Product Marketing Manager,17,170000,USA,African American,1
41,Male,Bachelor's Degree,Content Marketing Manager,12,120000,USA,White,0
35,Female,PhD,Product Marketing Manager,9,95000,USA,White,1
27,Male,PhD,Marketing Manager,4,55000,USA,Hispanic,0
36,Male,Bachelor's Degree,Sales Director,6,75000,USA,Asian,0
31,Male,Highschool,Sales Associate,3,50000,USA,White,0
26,Male,Highschool,Sales Manager,2,40000,USA,African American,0
46,Female,Master's Degree,Director of Marketing,17,170000,USA,Hispanic,0
40,Female,Bachelor's Degree,Financial Manager,11,110000,USA,African American,0
36,Female,Bachelor's Degree,Sales Executive,8,80000,USA,African American,0
33,Female,Bachelor's Degree,Sales Director,7,90000,USA,Asian,0
26,Female,Highschool,Sales Associate,1,35000,USA,White,0
27,Male,Highschool,Digital Marketing Manager,2,40000,USA,White,0
33,Female,Bachelor's Degree,Content Marketing Manager,7,90000,USA,Hispanic,0
37,Male,Bachelor's Degree,Sales Representative,6,75000,USA,White,0
32,Male,Highschool,Sales Associate,3,50000,USA,Asian,0
46,Male,Master's Degree,Marketing Manager,14,140000,USA,Asian,0
36,Female,PhD,Product Marketing Manager,10,100000,USA,Asian,1
27,Male,Highschool,Sales Manager,2,40000,USA,Asian,0
42,Male,Bachelor's Degree,Financial Manager,13,130000,USA,Asian,0
36,Female,PhD,Marketing Manager,9,95000,USA,African American,0
27,Male,Highschool,Digital Marketing Manager,2,40000,USA,African American,0
28,Male,PhD,Marketing Manager,4,55000,USA,Hispanic,0
32,Male,Highschool,Sales Representative,3,40000,USA,White,0
26,Female,Highschool,Sales Associate,1,35000,USA,African American,0
42,Male,Bachelor's Degree,Financial Manager,13,130000,USA,African American,0
36,Female,PhD,Marketing Manager,9,95000,USA,White,0
33,Female,Bachelor's Degree,Director of Marketing,8,80000,USA,African American,0
26,Female,Highschool,Sales Associate,1,35000,USA,Hispanic,0
